; MM CONFIG 3.10 -- RAW LINEAR DISASSEMBLY, ORG 0100H
; WARNING: inline strings, menu vectors, workspace and format records
; are decoded as instructions. Consult the annotated listing for traced code.
; This is reference material, not recovered original source.

0100  C3 35 01   	JP	135H

0103  43         	LD	B,E

0104  6F         	LD	L,A

0105  70         	LD	(HL),B

0106  79         	LD	A,C

0107  72         	LD	(HL),D

0108  69         	LD	L,C

0109  67         	LD	H,A

010A  68         	LD	L,B

010B  74         	LD	(HL),H

010C  20 28      	JR	NZ,136H

010E  63         	LD	H,E

010F  29         	ADD	HL,HL

0110  20 28      	JR	NZ,13AH

0112  70         	LD	(HL),B

0113  29         	ADD	HL,HL

0114  20 31      	JR	NZ,147H

0116  39         	ADD	HL,SP

0117  38 34      	JR	C,14DH

0119  2C         	INC	L

011A  20 31      	JR	NZ,14DH

011C  39         	ADD	HL,SP

011D  38 35      	JR	C,154H

011F  20 62      	JR	NZ,183H

0121  79         	LD	A,C

0122  20 4D      	JR	NZ,171H

0124  6F         	LD	L,A

0125  6E         	LD	L,(HL)

0126  74         	LD	(HL),H

0127  65         	LD	H,L

0128  7A         	LD	A,D

0129  75         	LD	(HL),L

012A  6D         	LD	L,L

012B  61         	LD	H,C

012C  20 4D      	JR	NZ,17BH

012E  69         	LD	L,C

012F  63         	LD	H,E

0130  72         	LD	(HL),D

0131  6F         	LD	L,A

0132  0D         	DEC	C

0133  0A         	LD	A,(BC)

0134  00         	NOP

0135  31 00 28   	LD	SP,2800H

0138  2A 01 00   	LD	HL,(1H)

013B  01 33 00   	LD	BC,33H

013E  09         	ADD	HL,BC

013F  7E         	LD	A,(HL)

0140  0E 36      	LD	C,36H

0142  ED 42      	SBC	HL,BC

0144  FE 23      	CP	23H

0146  38 05      	JR	C,14DH

0148  7E         	LD	A,(HL)

0149  E6 80      	AND	80H

014B  20 05      	JR	NZ,152H

014D  3E 07      	LD	A,7H

014F  32 25 0E   	LD	(0E25H),A

0152  01 1B 00   	LD	BC,1BH

0155  09         	ADD	HL,BC

0156  11 9F 0B   	LD	DE,0B9FH

0159  01 18 00   	LD	BC,18H

015C  ED B0      	LDIR

015E  22 8C 26   	LD	(268CH),HL

0161  11 8E 26   	LD	DE,268EH

0164  0E 18      	LD	C,18H

0166  ED B0      	LDIR

0168  CD 00 29   	CALL	2900H

016B  2A 01 00   	LD	HL,(1H)

016E  01 00 15   	LD	BC,1500H

0171  09         	ADD	HL,BC

0172  7C         	LD	A,H

0173  32 A6 26   	LD	(26A6H),A

0176  31 00 28   	LD	SP,2800H

0179  3E 41      	LD	A,41H

017B  32 1C 0F   	LD	(0F1CH),A

017E  21 93 0D   	LD	HL,0D93H

0181  CD B7 0B   	CALL	0BB7H

0184  28 13      	JR	Z,199H

0186  CD 92 0C   	CALL	0C92H

0189  E7         	RST	20H

018A  01 9F 02   	LD	BC,29FH

018D  A1         	AND	C

018E  03         	INC	BC

018F  0E 04      	LD	C,4H

0191  86         	ADD	A,(HL)

0192  04         	INC	B

0193  CF         	RST	8H

0194  05         	DEC	B

0195  36 07      	LD	(HL),7H

0197  A2         	AND	D

0198  09         	ADD	HL,BC

0199  0E 00      	LD	C,0H

019B  CD 9F 0B   	CALL	0B9FH

019E  7C         	LD	A,H

019F  B5         	OR	L

01A0  28 18      	JR	Z,1BAH

01A2  11 0A 00   	LD	DE,0AH

01A5  19         	ADD	HL,DE

01A6  5E         	LD	E,(HL)

01A7  23         	INC	HL

01A8  56         	LD	D,(HL)

01A9  21 14 00   	LD	HL,14H

01AC  19         	ADD	HL,DE

01AD  7E         	LD	A,(HL)

01AE  FE 0D      	CP	0DH

01B0  30 08      	JR	NC,1BAH

01B2  21 0D 00   	LD	HL,0DH

01B5  19         	ADD	HL,DE

01B6  1A         	LD	A,(DE)

01B7  B7         	OR	A

01B8  20 24      	JR	NZ,1DEH

01BA  21 73 0F   	LD	HL,0F73H

01BD  CD 2C 0C   	CALL	0C2CH

01C0  CD 42 0C   	CALL	0C42H

01C3  FE 03      	CP	3H

01C5  28 AF      	JR	Z,176H

01C7  FE 0D      	CP	0DH

01C9  20 F5      	JR	NZ,1C0H

01CB  0E 0D      	LD	C,0DH

01CD  CD 05 00   	CALL	5H

01D0  2A 06 00   	LD	HL,(6H)

01D3  11 03 08   	LD	DE,803H

01D6  ED 52      	SBC	HL,DE

01D8  3A 04 00   	LD	A,(4H)

01DB  4F         	LD	C,A

01DC  18 03      	JR	1E1H

01DE  21 00 00   	LD	HL,0H

01E1  E5         	PUSH	HL

01E2  3E 1A      	LD	A,1AH

01E4  C3 35 0C   	JP	0C35H

01E7  3A 8E 26   	LD	A,(268EH)

01EA  CD 20 02   	CALL	220H

01ED  02         	LD	(BC),A

01EE  11 E7 11   	LD	DE,11E7H

01F1  0F         	RRCA

01F2  0F         	RRCA

01F3  CD 20 02   	CALL	220H

01F6  33         	INC	SP

01F7  11 98 12   	LD	DE,1298H

01FA  0F         	RRCA

01FB  0F         	RRCA

01FC  CD 20 02   	CALL	220H

01FF  64         	LD	H,H

0200  11 48 13   	LD	DE,1348H

0203  0F         	RRCA

0204  0F         	RRCA

0205  CD 20 02   	CALL	220H

0208  95         	SUB	L

0209  11 F7 13   	LD	DE,13F7H

020C  21 B4 10   	LD	HL,10B4H

020F  CD B7 0B   	CALL	0BB7H

0212  CA 76 01   	JP	Z,176H

0215  CD 92 0C   	CALL	0C92H

0218  41         	LD	B,C

0219  02         	LD	(BC),A

021A  54         	LD	D,H

021B  02         	LD	(BC),A

021C  69         	LD	L,C

021D  02         	LD	(BC),A

021E  80         	ADD	A,B

021F  02         	LD	(BC),A

0220  E3         	EX	(SP),HL

0221  5E         	LD	E,(HL)

0222  23         	INC	HL

0223  56         	LD	D,(HL)

0224  23         	INC	HL

0225  4E         	LD	C,(HL)

0226  23         	INC	HL

0227  46         	LD	B,(HL)

0228  23         	INC	HL

0229  E3         	EX	(SP),HL

022A  60         	LD	H,B

022B  69         	LD	L,C

022C  F5         	PUSH	AF

022D  E6 03      	AND	3H

022F  28 08      	JR	Z,239H

0231  47         	LD	B,A

0232  AF         	XOR	A

0233  0E FF      	LD	C,0FFH

0235  ED B1      	CPIR

0237  10 FC      	DJNZ	235H

0239  7E         	LD	A,(HL)

023A  ED A0      	LDI

023C  B7         	OR	A

023D  20 FA      	JR	NZ,239H

023F  F1         	POP	AF

0240  C9         	RET

0241  21 B5 11   	LD	HL,11B5H

0244  CD B7 0B   	CALL	0BB7H

0247  CA E7 01   	JP	Z,1E7H

024A  3D         	DEC	A

024B  4F         	LD	C,A

024C  3A 8E 26   	LD	A,(268EH)

024F  E6 FC      	AND	0FCH

0251  B1         	OR	C

0252  18 3F      	JR	293H

0254  21 67 12   	LD	HL,1267H

0257  CD B7 0B   	CALL	0BB7H

025A  CA E7 01   	JP	Z,1E7H

025D  3D         	DEC	A

025E  07         	RLCA

025F  07         	RLCA

0260  4F         	LD	C,A

0261  3A 8E 26   	LD	A,(268EH)

0264  E6 F3      	AND	0F3H

0266  B1         	OR	C

0267  18 2A      	JR	293H

0269  21 18 13   	LD	HL,1318H

026C  CD B7 0B   	CALL	0BB7H

026F  CA E7 01   	JP	Z,1E7H

0272  3D         	DEC	A

0273  07         	RLCA

0274  07         	RLCA

0275  07         	RLCA

0276  07         	RLCA

0277  4F         	LD	C,A

0278  3A 8E 26   	LD	A,(268EH)

027B  E6 CF      	AND	0CFH

027D  B1         	OR	C

027E  18 13      	JR	293H

0280  21 C8 13   	LD	HL,13C8H

0283  CD B7 0B   	CALL	0BB7H

0286  CA E7 01   	JP	Z,1E7H

0289  3D         	DEC	A

028A  0F         	RRCA

028B  0F         	RRCA

028C  4F         	LD	C,A

028D  3A 8E 26   	LD	A,(268EH)

0290  E6 3F      	AND	3FH

0292  B1         	OR	C

0293  32 8E 26   	LD	(268EH),A

0296  32 03 00   	LD	(3H),A

0299  CD 10 0D   	CALL	0D10H

029C  C3 E7 01   	JP	1E7H

029F  2A 9E 26   	LD	HL,(269EH)

02A2  01 10 00   	LD	BC,10H

02A5  09         	ADD	HL,BC

02A6  7E         	LD	A,(HL)

02A7  21 F7 14   	LD	HL,14F7H

02AA  CD D0 0C   	CALL	0CD0H

02AD  21 77 14   	LD	HL,1477H

02B0  CD B7 0B   	CALL	0BB7H

02B3  CA 76 01   	JP	Z,176H

02B6  3D         	DEC	A

02B7  28 40      	JR	Z,2F9H

02B9  3D         	DEC	A

02BA  28 62      	JR	Z,31EH

02BC  CD 26 0C   	CALL	0C26H

02BF  0D         	DEC	C

02C0  0A         	LD	A,(BC)

02C1  0A         	LD	A,(BC)

02C2  45         	LD	B,L

02C3  6E         	LD	L,(HL)

02C4  74         	LD	(HL),H

02C5  65         	LD	H,L

02C6  72         	LD	(HL),D

02C7  20 6E      	JR	NZ,337H

02C9  65         	LD	H,L

02CA  77         	LD	(HL),A

02CB  20 72      	JR	NZ,33FH

02CD  65         	LD	H,L

02CE  70         	LD	(HL),B

02CF  65         	LD	H,L

02D0  61         	LD	H,C

02D1  74         	LD	(HL),H

02D2  20 66      	JR	NZ,33AH

02D4  61         	LD	H,C

02D5  63         	LD	H,E

02D6  74         	LD	(HL),H

02D7  6F         	LD	L,A

02D8  72         	LD	(HL),D

02D9  3A 20 20   	LD	A,(2020H)

02DC  00         	NOP

02DD  06 03      	LD	B,3H

02DF  21 80 00   	LD	HL,80H

02E2  CD 53 0C   	CALL	0C53H

02E5  28 B8      	JR	Z,29FH

02E7  36 00      	LD	(HL),0H

02E9  21 80 00   	LD	HL,80H

02EC  CD F3 0C   	CALL	0CF3H

02EF  2A 9E 26   	LD	HL,(269EH)

02F2  01 10 00   	LD	BC,10H

02F5  09         	ADD	HL,BC

02F6  77         	LD	(HL),A

02F7  18 A6      	JR	29FH

02F9  21 FD 14   	LD	HL,14FDH

02FC  CD B7 0B   	CALL	0BB7H

02FF  28 9E      	JR	Z,29FH

0301  2A 9E 26   	LD	HL,(269EH)

0304  01 24 00   	LD	BC,24H

0307  09         	ADD	HL,BC

0308  1E 06      	LD	E,6H

030A  01 18 00   	LD	BC,18H

030D  CD 5A 03   	CALL	35AH

0310  09         	ADD	HL,BC

0311  CD 8D 03   	CALL	38DH

0314  28 E3      	JR	Z,2F9H

0316  CD 6C 03   	CALL	36CH

0319  28 DE      	JR	Z,2F9H

031B  77         	LD	(HL),A

031C  18 DB      	JR	2F9H

031E  21 21 16   	LD	HL,1621H

0321  CD B7 0B   	CALL	0BB7H

0324  CA 9F 02   	JP	Z,29FH

0327  2A 9E 26   	LD	HL,(269EH)

032A  01 5B 00   	LD	BC,5BH

032D  09         	ADD	HL,BC

032E  1E 03      	LD	E,3H

0330  01 1E 00   	LD	BC,1EH

0333  CD 5A 03   	CALL	35AH

0336  EB         	EX	DE,HL

0337  60         	LD	H,B

0338  69         	LD	L,C

0339  29         	ADD	HL,HL

033A  29         	ADD	HL,HL

033B  29         	ADD	HL,HL

033C  09         	ADD	HL,BC

033D  09         	ADD	HL,BC

033E  19         	ADD	HL,DE

033F  06 0A      	LD	B,0AH

0341  CD 8D 03   	CALL	38DH

0344  28 D8      	JR	Z,31EH

0346  CD 6C 03   	CALL	36CH

0349  28 0B      	JR	Z,356H

034B  77         	LD	(HL),A

034C  23         	INC	HL

034D  10 F7      	DJNZ	346H

034F  2B         	DEC	HL

0350  7E         	LD	A,(HL)

0351  F6 80      	OR	80H

0353  77         	LD	(HL),A

0354  18 C8      	JR	31EH

0356  36 00      	LD	(HL),0H

0358  18 C4      	JR	31EH

035A  3D         	DEC	A

035B  BB         	CP	E

035C  38 04      	JR	C,362H

035E  09         	ADD	HL,BC

035F  93         	SUB	E

0360  18 F9      	JR	35BH

0362  4F         	LD	C,A

0363  E5         	PUSH	HL

0364  21 9D 16   	LD	HL,169DH

0367  CD 2C 0C   	CALL	0C2CH

036A  E1         	POP	HL

036B  C9         	RET

036C  CD 81 03   	CALL	381H

036F  C8         	RET	Z

0370  FE 5E      	CP	5EH

0372  C0         	RET	NZ

0373  CD 81 03   	CALL	381H

0376  28 06      	JR	Z,37EH

0378  E6 3F      	AND	3FH

037A  C0         	RET	NZ

037B  F6 7F      	OR	7FH

037D  C9         	RET

037E  3E 5E      	LD	A,5EH

0380  C9         	RET

0381  E5         	PUSH	HL

0382  2A 80 00   	LD	HL,(80H)

0385  7E         	LD	A,(HL)

0386  23         	INC	HL

0387  22 80 00   	LD	(80H),HL

038A  E1         	POP	HL

038B  B7         	OR	A

038C  C9         	RET

038D  C5         	PUSH	BC

038E  D5         	PUSH	DE

038F  E5         	PUSH	HL

0390  21 82 00   	LD	HL,82H

0393  22 80 00   	LD	(80H),HL

0396  06 14      	LD	B,14H

0398  CD 53 0C   	CALL	0C53H

039B  36 00      	LD	(HL),0H

039D  E1         	POP	HL

039E  D1         	POP	DE

039F  C1         	POP	BC

03A0  C9         	RET

03A1  2A A0 26   	LD	HL,(26A0H)

03A4  01 06 00   	LD	BC,6H

03A7  09         	ADD	HL,BC

03A8  E5         	PUSH	HL

03A9  21 04 17   	LD	HL,1704H

03AC  CD B7 0B   	CALL	0BB7H

03AF  CA 76 01   	JP	Z,176H

03B2  21 FF 03   	LD	HL,3FFH

03B5  5F         	LD	E,A

03B6  16 00      	LD	D,0H

03B8  19         	ADD	HL,DE

03B9  5E         	LD	E,(HL)

03BA  57         	LD	D,A

03BB  01 00 00   	LD	BC,0H

03BE  AF         	XOR	A

03BF  21 90 17   	LD	HL,1790H

03C2  15         	DEC	D

03C3  28 04      	JR	Z,3C9H

03C5  ED B1      	CPIR

03C7  18 F9      	JR	3C2H

03C9  3E 20      	LD	A,20H

03CB  ED B1      	CPIR

03CD  D5         	PUSH	DE

03CE  11 DE 18   	LD	DE,18DEH

03D1  ED A0      	LDI

03D3  ED A0      	LDI

03D5  21 CD 18   	LD	HL,18CDH

03D8  CD B7 0B   	CALL	0BB7H

03DB  CA 76 01   	JP	Z,176H

03DE  4F         	LD	C,A

03DF  06 00      	LD	B,0H

03E1  21 EE 03   	LD	HL,3EEH

03E4  09         	ADD	HL,BC

03E5  4E         	LD	C,(HL)

03E6  E1         	POP	HL

03E7  D1         	POP	DE

03E8  19         	ADD	HL,DE

03E9  EB         	EX	DE,HL

03EA  09         	ADD	HL,BC

03EB  ED A0      	LDI

03ED  18 B2      	JR	3A1H

03EF  07         	RLCA

03F0  08         	EX	AF,AF'

03F1  09         	ADD	HL,BC

03F2  0A         	LD	A,(BC)

03F3  0B         	DEC	BC

03F4  0C         	INC	C

03F5  0D         	DEC	C

03F6  0E 0F      	LD	C,0FH

03F8  15         	DEC	D

03F9  16 19      	LD	D,19H

03FB  1A         	LD	A,(DE)

03FC  1B         	DEC	DE

03FD  1C         	INC	E

03FE  1D         	DEC	E

03FF  1E 01      	LD	E,1H

0401  02         	LD	(BC),A

0402  03         	INC	BC

0403  04         	INC	B

0404  05         	DEC	B

0405  06 10      	LD	B,10H

0407  11 12 13   	LD	DE,1312H

040A  14         	INC	D

040B  17         	RLA

040C  18 1F      	JR	42DH

040E  2A A2 26   	LD	HL,(26A2H)

0411  23         	INC	HL

0412  11 54 1B   	LD	DE,1B54H

0415  3E 01      	LD	A,1H

0417  CD 9F 0C   	CALL	0C9FH

041A  11 81 1B   	LD	DE,1B81H

041D  3E 02      	LD	A,2H

041F  CD 9F 0C   	CALL	0C9FH

0422  23         	INC	HL

0423  23         	INC	HL

0424  7E         	LD	A,(HL)

0425  21 9E 1B   	LD	HL,1B9EH

0428  CD D0 0C   	CALL	0CD0H

042B  21 F9 1A   	LD	HL,1AF9H

042E  CD B7 0B   	CALL	0BB7H

0431  CA 76 01   	JP	Z,176H

0434  CD 92 0C   	CALL	0C92H

0437  3D         	DEC	A

0438  04         	INC	B

0439  41         	LD	B,C

043A  04         	INC	B

043B  4C         	LD	C,H

043C  04         	INC	B

043D  3E 01      	LD	A,1H

043F  18 02      	JR	443H

0441  3E 02      	LD	A,2H

0443  2A A2 26   	LD	HL,(26A2H)

0446  23         	INC	HL

0447  AE         	XOR	(HL)

0448  77         	LD	(HL),A

0449  C3 0E 04   	JP	40EH

044C  CD 26 0C   	CALL	0C26H

044F  0D         	DEC	C

0450  0A         	LD	A,(BC)

0451  0A         	LD	A,(BC)

0452  45         	LD	B,L

0453  6E         	LD	L,(HL)

0454  74         	LD	(HL),H

0455  65         	LD	H,L

0456  72         	LD	(HL),D

0457  20 6E      	JR	NZ,4C7H

0459  65         	LD	H,L

045A  77         	LD	(HL),A

045B  20 70      	JR	NZ,4CDH

045D  61         	LD	H,C

045E  67         	LD	H,A

045F  65         	LD	H,L

0460  20 6C      	JR	NZ,4CEH

0462  65         	LD	H,L

0463  6E         	LD	L,(HL)

0464  67         	LD	H,A

0465  74         	LD	(HL),H

0466  68         	LD	L,B

0467  3A 20 20   	LD	A,(2020H)

046A  00         	NOP

046B  06 03      	LD	B,3H

046D  21 80 00   	LD	HL,80H

0470  CD 53 0C   	CALL	0C53H

0473  28 99      	JR	Z,40EH

0475  36 00      	LD	(HL),0H

0477  21 80 00   	LD	HL,80H

047A  CD F3 0C   	CALL	0CF3H

047D  2A A2 26   	LD	HL,(26A2H)

0480  23         	INC	HL

0481  23         	INC	HL

0482  23         	INC	HL

0483  77         	LD	(HL),A

0484  18 88      	JR	40EH

0486  2A A4 26   	LD	HL,(26A4H)

0489  23         	INC	HL

048A  23         	INC	HL

048B  23         	INC	HL

048C  3E 01      	LD	A,1H

048E  11 76 1C   	LD	DE,1C76H

0491  CD 9F 0C   	CALL	0C9FH

0494  3E 02      	LD	A,2H

0496  11 8B 1C   	LD	DE,1C8BH

0499  CD 9F 0C   	CALL	0C9FH

049C  3E 80      	LD	A,80H

049E  11 A0 1C   	LD	DE,1CA0H

04A1  CD 9F 0C   	CALL	0C9FH

04A4  3E 40      	LD	A,40H

04A6  11 B5 1C   	LD	DE,1CB5H

04A9  CD 9F 0C   	CALL	0C9FH

04AC  23         	INC	HL

04AD  23         	INC	HL

04AE  3E 01      	LD	A,1H

04B0  4F         	LD	C,A

04B1  11 61 1C   	LD	DE,1C61H

04B4  CD B7 0C   	CALL	0CB7H

04B7  3E 02      	LD	A,2H

04B9  4F         	LD	C,A

04BA  11 4C 1C   	LD	DE,1C4CH

04BD  CD B7 0C   	CALL	0CB7H

04C0  7E         	LD	A,(HL)

04C1  07         	RLCA

04C2  07         	RLCA

04C3  07         	RLCA

04C4  07         	RLCA

04C5  E6 01      	AND	1H

04C7  C6 31      	ADD	A,31H

04C9  32 39 1C   	LD	(1C39H),A

04CC  7E         	LD	A,(HL)

04CD  07         	RLCA

04CE  07         	RLCA

04CF  07         	RLCA

04D0  E6 03      	AND	3H

04D2  EA D7 04   	JP	PE,4D7H

04D5  EE 03      	XOR	3H

04D7  C6 35      	ADD	A,35H

04D9  32 21 1C   	LD	(1C21H),A

04DC  7E         	LD	A,(HL)

04DD  E5         	PUSH	HL

04DE  01 0E 00   	LD	BC,0EH

04E1  11 0B 1C   	LD	DE,1C0BH

04E4  21 A9 1D   	LD	HL,1DA9H

04E7  CB 5F      	BIT	3,A

04E9  20 08      	JR	NZ,4F3H

04EB  0E 07      	LD	C,7H

04ED  CB 7F      	BIT	7,A

04EF  28 02      	JR	Z,4F3H

04F1  0E 00      	LD	C,0H

04F3  09         	ADD	HL,BC

04F4  0E 04      	LD	C,4H

04F6  ED B0      	LDIR

04F8  E1         	POP	HL

04F9  2B         	DEC	HL

04FA  3E 0F      	LD	A,0FH

04FC  A6         	AND	(HL)

04FD  21 E3 1C   	LD	HL,1CE3H

0500  11 F3 1B   	LD	DE,1BF3H

0503  47         	LD	B,A

0504  28 07      	JR	Z,50DH

0506  AF         	XOR	A

0507  0E FF      	LD	C,0FFH

0509  ED B1      	CPIR

050B  10 FC      	DJNZ	509H

050D  0E 06      	LD	C,6H

050F  ED B0      	LDIR

0511  21 A4 1B   	LD	HL,1BA4H

0514  CD B7 0B   	CALL	0BB7H

0517  CA 76 01   	JP	Z,176H

051A  CD 92 0C   	CALL	0C92H

051D  31 05 4C   	LD	SP,4C05H

0520  05         	DEC	B

0521  6E         	LD	L,(HL)

0522  05         	DEC	B

0523  91         	SUB	C

0524  05         	DEC	B

0525  98         	SBC	A,B

0526  05         	DEC	B

0527  9F         	SBC	A,A

0528  05         	DEC	B

0529  A6         	AND	(HL)

052A  05         	DEC	B

052B  AD         	XOR	L

052C  05         	DEC	B

052D  B4         	OR	H

052E  05         	DEC	B

052F  BB         	CP	E

0530  05         	DEC	B

0531  21 BB 1C   	LD	HL,1CBBH

0534  CD B7 0B   	CALL	0BB7H

0537  CA 86 04   	JP	Z,486H

053A  2A A4 26   	LD	HL,(26A4H)

053D  11 04 00   	LD	DE,4H

0540  19         	ADD	HL,DE

0541  3D         	DEC	A

0542  47         	LD	B,A

0543  07         	RLCA

0544  07         	RLCA

0545  07         	RLCA

0546  07         	RLCA

0547  80         	ADD	A,B

0548  77         	LD	(HL),A

0549  C3 C6 05   	JP	5C6H

054C  21 84 1D   	LD	HL,1D84H

054F  CD B7 0B   	CALL	0BB7H

0552  CA 86 04   	JP	Z,486H

0555  2A A4 26   	LD	HL,(26A4H)

0558  11 05 00   	LD	DE,5H

055B  19         	ADD	HL,DE

055C  CB DE      	SET	3,(HL)

055E  FE 03      	CP	3H

0560  28 09      	JR	Z,56BH

0562  CB 9E      	RES	3,(HL)

0564  CB FE      	SET	7,(HL)

0566  3D         	DEC	A

0567  28 02      	JR	Z,56BH

0569  CB BE      	RES	7,(HL)

056B  C3 C6 05   	JP	5C6H

056E  21 BE 1D   	LD	HL,1DBEH

0571  CD B7 0B   	CALL	0BB7H

0574  CA 86 04   	JP	Z,486H

0577  2A A4 26   	LD	HL,(26A4H)

057A  11 05 00   	LD	DE,5H

057D  19         	ADD	HL,DE

057E  3D         	DEC	A

057F  B7         	OR	A

0580  EA 85 05   	JP	PE,585H

0583  EE 03      	XOR	3H

0585  0F         	RRCA

0586  0F         	RRCA

0587  0F         	RRCA

0588  47         	LD	B,A

0589  3E 9F      	LD	A,9FH

058B  A6         	AND	(HL)

058C  B0         	OR	B

058D  77         	LD	(HL),A

058E  C3 C6 05   	JP	5C6H

0591  11 05 00   	LD	DE,5H

0594  3E 10      	LD	A,10H

0596  18 28      	JR	5C0H

0598  11 05 00   	LD	DE,5H

059B  3E 02      	LD	A,2H

059D  18 21      	JR	5C0H

059F  11 05 00   	LD	DE,5H

05A2  3E 01      	LD	A,1H

05A4  18 1A      	JR	5C0H

05A6  11 03 00   	LD	DE,3H

05A9  3E 01      	LD	A,1H

05AB  18 13      	JR	5C0H

05AD  11 03 00   	LD	DE,3H

05B0  3E 02      	LD	A,2H

05B2  18 0C      	JR	5C0H

05B4  11 03 00   	LD	DE,3H

05B7  3E 80      	LD	A,80H

05B9  18 05      	JR	5C0H

05BB  11 03 00   	LD	DE,3H

05BE  3E 40      	LD	A,40H

05C0  2A A4 26   	LD	HL,(26A4H)

05C3  19         	ADD	HL,DE

05C4  AE         	XOR	(HL)

05C5  77         	LD	(HL),A

05C6  2A A4 26   	LD	HL,(26A4H)

05C9  CD 9E 0C   	CALL	0C9EH

05CC  C3 86 04   	JP	486H

05CF  3A 90 26   	LD	A,(2690H)

05D2  47         	LD	B,A

05D3  C6 30      	ADD	A,30H

05D5  32 5F 1E   	LD	(1E5FH),A

05D8  21 0C 1E   	LD	HL,1E0CH

05DB  CD 2C 0C   	CALL	0C2CH

05DE  0E 30      	LD	C,30H

05E0  CD 26 0C   	CALL	0C26H

05E3  5B         	LD	E,E

05E4  20 00      	JR	NZ,5E6H

05E6  79         	LD	A,C

05E7  32 48 1E   	LD	(1E48H),A

05EA  C6 11      	ADD	A,11H

05EC  CD 35 0C   	CALL	0C35H

05EF  CD 26 0C   	CALL	0C26H

05F2  20 5D      	JR	NZ,651H

05F4  20 20      	JR	NZ,616H

05F6  00         	NOP

05F7  21 34 1E   	LD	HL,1E34H

05FA  CD 2C 0C   	CALL	0C2CH

05FD  0C         	INC	C

05FE  10 E0      	DJNZ	5E0H

0600  CD 26 0C   	CALL	0C26H

0603  0D         	DEC	C

0604  0A         	LD	A,(BC)

0605  0A         	LD	A,(BC)

0606  5B         	LD	E,E

0607  20 00      	JR	NZ,609H

0609  3E 11      	LD	A,11H

060B  81         	ADD	A,C

060C  4F         	LD	C,A

060D  32 20 0F   	LD	(0F20H),A

0610  CD 35 0C   	CALL	0C35H

0613  CD 26 0C   	CALL	0C26H

0616  20 5D      	JR	NZ,675H

0618  20 20      	JR	NZ,63AH

061A  00         	NOP

061B  21 4C 1E   	LD	HL,1E4CH

061E  CD 2C 0C   	CALL	0C2CH

0621  AF         	XOR	A

0622  32 23 0F   	LD	(0F23H),A

0625  0C         	INC	C

0626  16 00      	LD	D,0H

0628  CD FC 0B   	CALL	0BFCH

062B  CA 76 01   	JP	Z,176H

062E  3D         	DEC	A

062F  21 90 26   	LD	HL,2690H

0632  BE         	CP	(HL)

0633  20 20      	JR	NZ,655H

0635  21 63 1E   	LD	HL,1E63H

0638  CD 2C 0C   	CALL	0C2CH

063B  CD 42 0C   	CALL	0C42H

063E  FE 03      	CP	3H

0640  28 8D      	JR	Z,5CFH

0642  D6 30      	SUB	30H

0644  38 EF      	JR	C,635H

0646  28 ED      	JR	Z,635H

0648  FE 05      	CP	5H

064A  30 E9      	JR	NC,635H

064C  32 90 26   	LD	(2690H),A

064F  CD 10 0D   	CALL	0D10H

0652  C3 CF 05   	JP	5CFH

0655  16 00      	LD	D,0H

0657  5F         	LD	E,A

0658  21 94 26   	LD	HL,2694H

065B  19         	ADD	HL,DE

065C  19         	ADD	HL,DE

065D  5E         	LD	E,(HL)

065E  23         	INC	HL

065F  56         	LD	D,(HL)

0660  C6 30      	ADD	A,30H

0662  32 90 1E   	LD	(1E90H),A

0665  21 04 00   	LD	HL,4H

0668  19         	ADD	HL,DE

0669  D5         	PUSH	DE

066A  4E         	LD	C,(HL)

066B  21 D6 1F   	LD	HL,1FD6H

066E  3E 35      	LD	A,35H

0670  CB 71      	BIT	6,C

0672  28 05      	JR	Z,679H

0674  3E 38      	LD	A,38H

0676  21 DE 1F   	LD	HL,1FDEH

0679  32 D8 1E   	LD	(1ED8H),A

067C  79         	LD	A,C

067D  07         	RLCA

067E  E6 01      	AND	1H

0680  C6 31      	ADD	A,31H

0682  32 1C 1F   	LD	(1F1CH),A

0685  3E 03      	LD	A,3H

0687  A1         	AND	C

0688  4F         	LD	C,A

0689  06 00      	LD	B,0H

068B  E5         	PUSH	HL

068C  09         	ADD	HL,BC

068D  09         	ADD	HL,BC

068E  11 3B 1F   	LD	DE,1F3BH

0691  ED A0      	LDI

0693  ED A0      	LDI

0695  0E FF      	LD	C,0FFH

0697  06 04      	LD	B,4H

0699  AF         	XOR	A

069A  21 8E 1F   	LD	HL,1F8EH

069D  D1         	POP	DE

069E  EB         	EX	DE,HL

069F  ED A0      	LDI

06A1  ED A0      	LDI

06A3  EB         	EX	DE,HL

06A4  ED B1      	CPIR

06A6  10 F6      	DJNZ	69EH

06A8  21 07 00   	LD	HL,7H

06AB  D1         	POP	DE

06AC  D5         	PUSH	DE

06AD  19         	ADD	HL,DE

06AE  7E         	LD	A,(HL)

06AF  21 FB 1E   	LD	HL,1EFBH

06B2  CD D0 0C   	CALL	0CD0H

06B5  21 7C 1E   	LD	HL,1E7CH

06B8  CD B7 0B   	CALL	0BB7H

06BB  D1         	POP	DE

06BC  CA CF 05   	JP	Z,5CFH

06BF  CD 92 0C   	CALL	0C92H

06C2  CA 06 DB   	JP	Z,0DB06H

06C5  06 12      	LD	B,12H

06C7  07         	RLCA

06C8  1D         	DEC	E

06C9  07         	RLCA

06CA  21 04 00   	LD	HL,4H

06CD  19         	ADD	HL,DE

06CE  3E 40      	LD	A,40H

06D0  AE         	XOR	(HL)

06D1  77         	LD	(HL),A

06D2  E6 40      	AND	40H

06D4  3E 03      	LD	A,3H

06D6  20 17      	JR	NZ,6EFH

06D8  3D         	DEC	A

06D9  18 14      	JR	6EFH

06DB  21 04 00   	LD	HL,4H

06DE  19         	ADD	HL,DE

06DF  CB 76      	BIT	6,(HL)

06E1  C2 65 06   	JP	NZ,665H

06E4  D5         	PUSH	DE

06E5  21 40 1F   	LD	HL,1F40H

06E8  CD B7 0B   	CALL	0BB7H

06EB  D1         	POP	DE

06EC  CA 65 06   	JP	Z,665H

06EF  D5         	PUSH	DE

06F0  21 59 1F   	LD	HL,1F59H

06F3  11 6D 1F   	LD	DE,1F6DH

06F6  3D         	DEC	A

06F7  28 09      	JR	Z,702H

06F9  47         	LD	B,A

06FA  AF         	XOR	A

06FB  0E FF      	LD	C,0FFH

06FD  ED B1      	CPIR

06FF  13         	INC	DE

0700  10 FB      	DJNZ	6FDH

0702  CD F3 0C   	CALL	0CF3H

0705  EB         	EX	DE,HL

0706  4E         	LD	C,(HL)

0707  D1         	POP	DE

0708  21 08 00   	LD	HL,8H

070B  19         	ADD	HL,DE

070C  71         	LD	(HL),C

070D  2B         	DEC	HL

070E  77         	LD	(HL),A

070F  C3 65 06   	JP	665H

0712  21 04 00   	LD	HL,4H

0715  19         	ADD	HL,DE

0716  3E 80      	LD	A,80H

0718  AE         	XOR	(HL)

0719  77         	LD	(HL),A

071A  C3 65 06   	JP	665H

071D  D5         	PUSH	DE

071E  21 71 1F   	LD	HL,1F71H

0721  CD B7 0B   	CALL	0BB7H

0724  D1         	POP	DE

0725  CA 65 06   	JP	Z,665H

0728  3D         	DEC	A

0729  4F         	LD	C,A

072A  21 04 00   	LD	HL,4H

072D  19         	ADD	HL,DE

072E  7E         	LD	A,(HL)

072F  E6 FC      	AND	0FCH

0731  B1         	OR	C

0732  77         	LD	(HL),A

0733  C3 65 06   	JP	665H

0736  21 E6 1F   	LD	HL,1FE6H

0739  CD 2C 0C   	CALL	0C2CH

073C  AF         	XOR	A

073D  32 1C 0F   	LD	(0F1CH),A

0740  0E 41      	LD	C,41H

0742  06 10      	LD	B,10H

0744  C5         	PUSH	BC

0745  CD 26 0C   	CALL	0C26H

0748  5B         	LD	E,E

0749  20 00      	JR	NZ,74BH

074B  79         	LD	A,C

074C  CD 35 0C   	CALL	0C35H

074F  CD 26 0C   	CALL	0C26H

0752  20 5D      	JR	NZ,7B1H

0754  20 20      	JR	NZ,776H

0756  20 00      	JR	NZ,758H

0758  79         	LD	A,C

0759  D6 41      	SUB	41H

075B  4F         	LD	C,A

075C  CD 9F 0B   	CALL	0B9FH

075F  C1         	POP	BC

0760  7C         	LD	A,H

0761  B5         	OR	L

0762  EB         	EX	DE,HL

0763  21 C5 20   	LD	HL,20C5H

0766  28 52      	JR	Z,7BAH

0768  21 0A 00   	LD	HL,0AH

076B  19         	ADD	HL,DE

076C  5E         	LD	E,(HL)

076D  23         	INC	HL

076E  56         	LD	D,(HL)

076F  21 14 00   	LD	HL,14H

0772  19         	ADD	HL,DE

0773  7E         	LD	A,(HL)

0774  B7         	OR	A

0775  20 0E      	JR	NZ,785H

0777  3A A6 26   	LD	A,(26A6H)

077A  BA         	CP	D

077B  21 E0 20   	LD	HL,20E0H

077E  30 3A      	JR	NC,7BAH

0780  21 FB 20   	LD	HL,20FBH

0783  18 35      	JR	7BAH

0785  CD D2 29   	CALL	29D2H

0788  CC 4E 09   	CALL	Z,94EH

078B  79         	LD	A,C

078C  32 20 0F   	LD	(0F20H),A

078F  3A 1C 0F   	LD	A,(0F1CH)

0792  B7         	OR	A

0793  20 04      	JR	NZ,799H

0795  79         	LD	A,C

0796  32 1C 0F   	LD	(0F1CH),A

0799  E5         	PUSH	HL

079A  C5         	PUSH	BC

079B  21 11 00   	LD	HL,11H

079E  19         	ADD	HL,DE

079F  7E         	LD	A,(HL)

07A0  23         	INC	HL

07A1  66         	LD	H,(HL)

07A2  6F         	LD	L,A

07A3  23         	INC	HL

07A4  23         	INC	HL

07A5  23         	INC	HL

07A6  4E         	LD	C,(HL)

07A7  3E 2F      	LD	A,2FH

07A9  3C         	INC	A

07AA  CB 09      	RRC	C

07AC  30 FB      	JR	NC,7A9H

07AE  C1         	POP	BC

07AF  E1         	POP	HL

07B0  CD 35 0C   	CALL	0C35H

07B3  CD 26 0C   	CALL	0C26H

07B6  3A 20 20   	LD	A,(2020H)

07B9  00         	NOP

07BA  CD 2C 0C   	CALL	0C2CH

07BD  0C         	INC	C

07BE  10 84      	DJNZ	744H

07C0  3E 0B      	LD	A,0BH

07C2  CD 35 0C   	CALL	0C35H

07C5  AF         	XOR	A

07C6  32 23 0F   	LD	(0F23H),A

07C9  57         	LD	D,A

07CA  3A 20 0F   	LD	A,(0F20H)

07CD  3C         	INC	A

07CE  4F         	LD	C,A

07CF  CD FC 0B   	CALL	0BFCH

07D2  CA 76 01   	JP	Z,176H

07D5  3D         	DEC	A

07D6  4F         	LD	C,A

07D7  C6 41      	ADD	A,41H

07D9  32 3F 21   	LD	(213FH),A

07DC  32 BD 23   	LD	(23BDH),A

07DF  CD 9F 0B   	CALL	0B9FH

07E2  7C         	LD	A,H

07E3  B5         	OR	L

07E4  CA 36 07   	JP	Z,736H

07E7  22 AF 26   	LD	(26AFH),HL

07EA  11 0A 00   	LD	DE,0AH

07ED  19         	ADD	HL,DE

07EE  5E         	LD	E,(HL)

07EF  23         	INC	HL

07F0  56         	LD	D,(HL)

07F1  21 14 00   	LD	HL,14H

07F4  19         	ADD	HL,DE

07F5  7E         	LD	A,(HL)

07F6  B7         	OR	A

07F7  CA 36 07   	JP	Z,736H

07FA  0E 01      	LD	C,1H

07FC  3E 41      	LD	A,41H

07FE  32 1C 0F   	LD	(0F1CH),A

0801  CD 16 08   	CALL	816H

0804  CA 36 07   	JP	Z,736H

0807  21 45 21   	LD	HL,2145H

080A  BE         	CP	(HL)

080B  C2 6D 08   	JP	NZ,86DH

080E  0C         	INC	C

080F  79         	LD	A,C

0810  FE 11      	CP	11H

0812  38 ED      	JR	C,801H

0814  18 E4      	JR	7FAH

0816  C5         	PUSH	BC

0817  79         	LD	A,C

0818  3D         	DEC	A

0819  87         	ADD	A,A

081A  87         	ADD	A,A

081B  87         	ADD	A,A

081C  3C         	INC	A

081D  4F         	LD	C,A

081E  AF         	XOR	A

081F  32 45 21   	LD	(2145H),A

0822  06 08      	LD	B,8H

0824  11 47 21   	LD	DE,2147H

0827  21 A7 26   	LD	HL,26A7H

082A  E5         	PUSH	HL

082B  79         	LD	A,C

082C  CD D2 29   	CALL	29D2H

082F  28 0E      	JR	Z,83FH

0831  CD 60 08   	CALL	860H

0834  3A 45 21   	LD	A,(2145H)

0837  3C         	INC	A

0838  32 45 21   	LD	(2145H),A

083B  E3         	EX	(SP),HL

083C  71         	LD	(HL),C

083D  23         	INC	HL

083E  E3         	EX	(SP),HL

083F  0C         	INC	C

0840  10 E9      	DJNZ	82BH

0842  E1         	POP	HL

0843  C1         	POP	BC

0844  3A 45 21   	LD	A,(2145H)

0847  FE 01      	CP	1H

0849  D8         	RET	C

084A  3C         	INC	A

084B  32 45 21   	LD	(2145H),A

084E  32 46 21   	LD	(2146H),A

0851  21 87 23   	LD	HL,2387H

0854  CD 60 08   	CALL	860H

0857  C5         	PUSH	BC

0858  21 11 21   	LD	HL,2111H

085B  CD B7 0B   	CALL	0BB7H

085E  C1         	POP	BC

085F  C9         	RET

0860  C5         	PUSH	BC

0861  AF         	XOR	A

0862  BE         	CP	(HL)

0863  28 04      	JR	Z,869H

0865  ED A0      	LDI

0867  18 F9      	JR	862H

0869  12         	LD	(DE),A

086A  13         	INC	DE

086B  C1         	POP	BC

086C  C9         	RET

086D  3D         	DEC	A

086E  21 A7 26   	LD	HL,26A7H

0871  4F         	LD	C,A

0872  06 00      	LD	B,0H

0874  09         	ADD	HL,BC

0875  7E         	LD	A,(HL)

0876  32 B1 26   	LD	(26B1H),A

0879  CD D2 29   	CALL	29D2H

087C  22 B2 26   	LD	(26B2H),HL

087F  21 9E 23   	LD	HL,239EH

0882  CD 2C 0C   	CALL	0C2CH

0885  2A B2 26   	LD	HL,(26B2H)

0888  CD 2C 0C   	CALL	0C2CH

088B  3A 90 26   	LD	A,(2690H)

088E  C6 2F      	ADD	A,2FH

0890  32 F8 23   	LD	(23F8H),A

0893  21 C8 23   	LD	HL,23C8H

0896  CD 2C 0C   	CALL	0C2CH

0899  21 90 26   	LD	HL,2690H

089C  CD 42 0C   	CALL	0C42H

089F  FE 03      	CP	3H

08A1  CA 36 07   	JP	Z,736H

08A4  D6 30      	SUB	30H

08A6  38 F4      	JR	C,89CH

08A8  BE         	CP	(HL)

08A9  30 F1      	JR	NC,89CH

08AB  5F         	LD	E,A

08AC  16 00      	LD	D,0H

08AE  C6 30      	ADD	A,30H

08B0  CD 35 0C   	CALL	0C35H

08B3  21 94 26   	LD	HL,2694H

08B6  19         	ADD	HL,DE

08B7  19         	ADD	HL,DE

08B8  5E         	LD	E,(HL)

08B9  23         	INC	HL

08BA  56         	LD	D,(HL)

08BB  ED 53 B4 26	LD	(26B4H),DE

08BF  2A B2 26   	LD	HL,(26B2H)

08C2  01 40 00   	LD	BC,40H

08C5  09         	ADD	HL,BC

08C6  22 B2 26   	LD	(26B2H),HL

08C9  0E 13      	LD	C,13H

08CB  09         	ADD	HL,BC

08CC  7E         	LD	A,(HL)

08CD  E6 DF      	AND	0DFH

08CF  32 B6 26   	LD	(26B6H),A

08D2  2B         	DEC	HL

08D3  2B         	DEC	HL

08D4  7E         	LD	A,(HL)

08D5  EB         	EX	DE,HL

08D6  0E 07      	LD	C,7H

08D8  09         	ADD	HL,BC

08D9  BE         	CP	(HL)

08DA  28 17      	JR	Z,8F3H

08DC  30 5B      	JR	NC,939H

08DE  FE 4D      	CP	4DH

08E0  30 57      	JR	NC,939H

08E2  7E         	LD	A,(HL)

08E3  FE 28      	CP	28H

08E5  28 0C      	JR	Z,8F3H

08E7  FE 50      	CP	50H

08E9  20 4E      	JR	NZ,939H

08EB  3A B6 26   	LD	A,(26B6H)

08EE  F6 20      	OR	20H

08F0  32 B6 26   	LD	(26B6H),A

08F3  2B         	DEC	HL

08F4  2B         	DEC	HL

08F5  2B         	DEC	HL

08F6  3A B6 26   	LD	A,(26B6H)

08F9  E6 40      	AND	40H

08FB  07         	RLCA

08FC  28 03      	JR	Z,901H

08FE  A6         	AND	(HL)

08FF  28 38      	JR	Z,939H

0901  2A AF 26   	LD	HL,(26AFH)

0904  11 0A 00   	LD	DE,0AH

0907  19         	ADD	HL,DE

0908  5E         	LD	E,(HL)

0909  23         	INC	HL

090A  56         	LD	D,(HL)

090B  2A B2 26   	LD	HL,(26B2H)

090E  0E 14      	LD	C,14H

0910  ED B0      	LDIR

0912  EB         	EX	DE,HL

0913  3A B1 26   	LD	A,(26B1H)

0916  77         	LD	(HL),A

0917  2B         	DEC	HL

0918  3A B6 26   	LD	A,(26B6H)

091B  77         	LD	(HL),A

091C  2B         	DEC	HL

091D  ED 4B B4 26	LD	BC,(26B4H)

0921  70         	LD	(HL),B

0922  2B         	DEC	HL

0923  71         	LD	(HL),C

0924  21 0C 00   	LD	HL,0CH

0927  19         	ADD	HL,DE

0928  EB         	EX	DE,HL

0929  2A AF 26   	LD	HL,(26AFH)

092C  7E         	LD	A,(HL)

092D  23         	INC	HL

092E  66         	LD	H,(HL)

092F  6F         	LD	L,A

0930  EB         	EX	DE,HL

0931  01 1E 00   	LD	BC,1EH

0934  ED B0      	LDIR

0936  C3 36 07   	JP	736H

0939  21 FE 23   	LD	HL,23FEH

093C  CD 2C 0C   	CALL	0C2CH

093F  CD 42 0C   	CALL	0C42H

0942  FE 03      	CP	3H

0944  CA 76 01   	JP	Z,176H

0947  FE 0D      	CP	0DH

0949  20 F4      	JR	NZ,93FH

094B  C3 36 07   	JP	736H

094E  C5         	PUSH	BC

094F  21 11 00   	LD	HL,11H

0952  19         	ADD	HL,DE

0953  7E         	LD	A,(HL)

0954  23         	INC	HL

0955  66         	LD	H,(HL)

0956  6F         	LD	L,A

0957  01 07 00   	LD	BC,7H

095A  09         	ADD	HL,BC

095B  7E         	LD	A,(HL)

095C  21 86 20   	LD	HL,2086H

095F  CD D0 0C   	CALL	0CD0H

0962  21 13 00   	LD	HL,13H

0965  19         	ADD	HL,DE

0966  3E 53      	LD	A,53H

0968  CB 76      	BIT	6,(HL)

096A  28 02      	JR	Z,96EH

096C  3E 44      	LD	A,44H

096E  32 8C 20   	LD	(208CH),A

0971  3E 53      	LD	A,53H

0973  CB 7E      	BIT	7,(HL)

0975  28 02      	JR	Z,979H

0977  3E 44      	LD	A,44H

0979  32 90 20   	LD	(2090H),A

097C  21 0F 00   	LD	HL,0FH

097F  19         	ADD	HL,DE

0980  7E         	LD	A,(HL)

0981  21 93 20   	LD	HL,2093H

0984  CD D0 0C   	CALL	0CD0H

0987  21 10 00   	LD	HL,10H

098A  19         	ADD	HL,DE

098B  4E         	LD	C,(HL)

098C  06 00      	LD	B,0H

098E  21 B9 20   	LD	HL,20B9H

0991  09         	ADD	HL,BC

0992  09         	ADD	HL,BC

0993  09         	ADD	HL,BC

0994  D5         	PUSH	DE

0995  11 A6 20   	LD	DE,20A6H

0998  0E 03      	LD	C,3H

099A  ED B0      	LDIR

099C  D1         	POP	DE

099D  C1         	POP	BC

099E  21 77 20   	LD	HL,2077H

09A1  C9         	RET

09A2  21 45 24   	LD	HL,2445H

09A5  CD 2C 0C   	CALL	0C2CH

09A8  21 72 24   	LD	HL,2472H

09AB  CD 2C 0C   	CALL	0C2CH

09AE  CD 42 0C   	CALL	0C42H

09B1  FE 03      	CP	3H

09B3  CA 76 01   	JP	Z,176H

09B6  E6 5F      	AND	5FH

09B8  D6 41      	SUB	41H

09BA  38 F2      	JR	C,9AEH

09BC  FE 10      	CP	10H

09BE  30 EE      	JR	NC,9AEH

09C0  4F         	LD	C,A

09C1  C6 41      	ADD	A,41H

09C3  CD 35 0C   	CALL	0C35H

09C6  CD 9F 0B   	CALL	0B9FH

09C9  7C         	LD	A,H

09CA  B5         	OR	L

09CB  28 40      	JR	Z,0A0DH

09CD  E5         	PUSH	HL

09CE  11 0A 00   	LD	DE,0AH

09D1  19         	ADD	HL,DE

09D2  5E         	LD	E,(HL)

09D3  23         	INC	HL

09D4  56         	LD	D,(HL)

09D5  D5         	PUSH	DE

09D6  EB         	EX	DE,HL

09D7  5E         	LD	E,(HL)

09D8  23         	INC	HL

09D9  56         	LD	D,(HL)

09DA  ED 53 BD 26	LD	(26BDH),DE

09DE  2A 01 00   	LD	HL,(1H)

09E1  2E 00      	LD	L,0H

09E3  54         	LD	D,H

09E4  5D         	LD	E,L

09E5  01 00 16   	LD	BC,1600H

09E8  ED 42      	SBC	HL,BC

09EA  44         	LD	B,H

09EB  4D         	LD	C,L

09EC  21 01 28   	LD	HL,2801H

09EF  6E         	LD	L,(HL)

09F0  71         	LD	(HL),C

09F1  23         	INC	HL

09F2  70         	LD	(HL),B

09F3  23         	INC	HL

09F4  73         	LD	(HL),E

09F5  23         	INC	HL

09F6  72         	LD	(HL),D

09F7  D1         	POP	DE

09F8  E1         	POP	HL

09F9  3E FF      	LD	A,0FFH

09FB  32 BF 26   	LD	(26BFH),A

09FE  3A A6 26   	LD	A,(26A6H)

0A01  BC         	CP	H

0A02  38 29      	JR	C,0A2DH

0A04  AF         	XOR	A

0A05  32 BF 26   	LD	(26BFH),A

0A08  CD 1D 0D   	CALL	0D1DH

0A0B  30 14      	JR	NC,0A21H

0A0D  21 AD 24   	LD	HL,24ADH

0A10  CD 2C 0C   	CALL	0C2CH

0A13  CD 42 0C   	CALL	0C42H

0A16  FE 03      	CP	3H

0A18  CA 76 01   	JP	Z,176H

0A1B  FE 0D      	CP	0DH

0A1D  28 89      	JR	Z,9A8H

0A1F  18 F2      	JR	0A13H

0A21  21 01 28   	LD	HL,2801H

0A24  6E         	LD	L,(HL)

0A25  4E         	LD	C,(HL)

0A26  23         	INC	HL

0A27  46         	LD	B,(HL)

0A28  21 4A 0A   	LD	HL,0A4AH

0A2B  18 03      	JR	0A30H

0A2D  21 68 0A   	LD	HL,0A68H

0A30  5E         	LD	E,(HL)

0A31  23         	INC	HL

0A32  56         	LD	D,(HL)

0A33  23         	INC	HL

0A34  7A         	LD	A,D

0A35  B3         	OR	E

0A36  28 36      	JR	Z,0A6EH

0A38  EB         	EX	DE,HL

0A39  09         	ADD	HL,BC

0A3A  EB         	EX	DE,HL

0A3B  D5         	PUSH	DE

0A3C  5E         	LD	E,(HL)

0A3D  23         	INC	HL

0A3E  56         	LD	D,(HL)

0A3F  23         	INC	HL

0A40  E3         	EX	(SP),HL

0A41  EB         	EX	DE,HL

0A42  09         	ADD	HL,BC

0A43  EB         	EX	DE,HL

0A44  73         	LD	(HL),E

0A45  23         	INC	HL

0A46  72         	LD	(HL),D

0A47  E1         	POP	HL

0A48  18 E6      	JR	0A30H

0A4A  01 00 5C   	LD	BC,5C00H

0A4D  03         	INC	BC

0A4E  8E         	ADC	A,(HL)

0A4F  03         	INC	BC

0A50  8C         	ADC	A,H

0A51  00         	NOP

0A52  D9         	EXX

0A53  06 D0      	LD	B,0D0H

0A55  00         	NOP

0A56  5A         	LD	E,D

0A57  07         	RLCA

0A58  1A         	LD	A,(DE)

0A59  01 95 0F   	LD	BC,0F95H

0A5C  FE 0D      	CP	0DH

0A5E  33         	INC	SP

0A5F  10 01      	DJNZ	0A62H

0A61  10 C3      	DJNZ	0A26H

0A63  10 5E      	DJNZ	0AC3H

0A65  0D         	DEC	C

0A66  00         	NOP

0A67  00         	NOP

0A68  01 00 5C   	LD	BC,5C00H

0A6B  03         	INC	BC

0A6C  00         	NOP

0A6D  00         	NOP

0A6E  21 F6 24   	LD	HL,24F6H

0A71  CD 2C 0C   	CALL	0C2CH

0A74  21 01 28   	LD	HL,2801H

0A77  6E         	LD	L,(HL)

0A78  5E         	LD	E,(HL)

0A79  23         	INC	HL

0A7A  56         	LD	D,(HL)

0A7B  21 06 00   	LD	HL,6H

0A7E  19         	ADD	HL,DE

0A7F  46         	LD	B,(HL)

0A80  23         	INC	HL

0A81  E5         	PUSH	HL

0A82  23         	INC	HL

0A83  CD 53 0C   	CALL	0C53H

0A86  E1         	POP	HL

0A87  CA A2 09   	JP	Z,9A2H

0A8A  71         	LD	(HL),C

0A8B  23         	INC	HL

0A8C  54         	LD	D,H

0A8D  5D         	LD	E,L

0A8E  79         	LD	A,C

0A8F  B7         	OR	A

0A90  28 10      	JR	Z,0AA2H

0A92  47         	LD	B,A

0A93  7E         	LD	A,(HL)

0A94  FE 61      	CP	61H

0A96  38 06      	JR	C,0A9EH

0A98  FE 7B      	CP	7BH

0A9A  30 02      	JR	NC,0A9EH

0A9C  E6 5F      	AND	5FH

0A9E  77         	LD	(HL),A

0A9F  23         	INC	HL

0AA0  10 F1      	DJNZ	0A93H

0AA2  36 00      	LD	(HL),0H

0AA4  21 80 00   	LD	HL,80H

0AA7  19         	ADD	HL,DE

0AA8  73         	LD	(HL),E

0AA9  23         	INC	HL

0AAA  72         	LD	(HL),D

0AAB  21 8D 25   	LD	HL,258DH

0AAE  CD 2C 0C   	CALL	0C2CH

0AB1  CD 42 0C   	CALL	0C42H

0AB4  FE 03      	CP	3H

0AB6  CA A2 09   	JP	Z,9A2H

0AB9  E6 5F      	AND	5FH

0ABB  FE 59      	CP	59H

0ABD  28 04      	JR	Z,0AC3H

0ABF  FE 4E      	CP	4EH

0AC1  20 EE      	JR	NZ,0AB1H

0AC3  D6 4E      	SUB	4EH

0AC5  32 8F 26   	LD	(268FH),A

0AC8  C6 4E      	ADD	A,4EH

0ACA  CD 35 0C   	CALL	0C35H

0ACD  21 B7 25   	LD	HL,25B7H

0AD0  CD 2C 0C   	CALL	0C2CH

0AD3  CD 42 0C   	CALL	0C42H

0AD6  FE 03      	CP	3H

0AD8  CA A2 09   	JP	Z,9A2H

0ADB  E6 5F      	AND	5FH

0ADD  47         	LD	B,A

0ADE  FE 59      	CP	59H

0AE0  28 08      	JR	Z,0AEAH

0AE2  FE 4E      	CP	4EH

0AE4  20 ED      	JR	NZ,0AD3H

0AE6  3E 8F      	LD	A,8FH

0AE8  18 02      	JR	0AECH

0AEA  3E EF      	LD	A,0EFH

0AEC  2A 01 00   	LD	HL,(1H)

0AEF  2E 7E      	LD	L,7EH

0AF1  77         	LD	(HL),A

0AF2  78         	LD	A,B

0AF3  CD 35 0C   	CALL	0C35H

0AF6  21 E5 25   	LD	HL,25E5H

0AF9  CD 2C 0C   	CALL	0C2CH

0AFC  21 01 28   	LD	HL,2801H

0AFF  6E         	LD	L,(HL)

0B00  5E         	LD	E,(HL)

0B01  23         	INC	HL

0B02  56         	LD	D,(HL)

0B03  15         	DEC	D

0B04  ED 53 BB 26	LD	(26BBH),DE

0B08  2E 00      	LD	L,0H

0B0A  01 00 01   	LD	BC,100H

0B0D  ED B0      	LDIR

0B0F  CD 10 0D   	CALL	0D10H

0B12  21 00 00   	LD	HL,0H

0B15  22 B7 26   	LD	(26B7H),HL

0B18  22 B9 26   	LD	(26B9H),HL

0B1B  3A BF 26   	LD	A,(26BFH)

0B1E  B7         	OR	A

0B1F  28 0C      	JR	Z,0B2DH

0B21  2E 02      	LD	L,2H

0B23  22 B9 26   	LD	(26B9H),HL

0B26  2A BB 26   	LD	HL,(26BBH)

0B29  24         	INC	H

0B2A  22 BB 26   	LD	(26BBH),HL

0B2D  ED 4B B7 26	LD	BC,(26B7H)

0B31  CD A2 0B   	CALL	0BA2H

0B34  ED 4B B9 26	LD	BC,(26B9H)

0B38  CD A5 0B   	CALL	0BA5H

0B3B  ED 4B BB 26	LD	BC,(26BBH)

0B3F  CD A8 0B   	CALL	0BA8H

0B42  0E 02      	LD	C,2H

0B44  CD AE 0B   	CALL	0BAEH

0B47  B7         	OR	A

0B48  20 41      	JR	NZ,0B8BH

0B4A  2A BB 26   	LD	HL,(26BBH)

0B4D  11 80 00   	LD	DE,80H

0B50  19         	ADD	HL,DE

0B51  22 BB 26   	LD	(26BBH),HL

0B54  2A B9 26   	LD	HL,(26B9H)

0B57  23         	INC	HL

0B58  22 B9 26   	LD	(26B9H),HL

0B5B  EB         	EX	DE,HL

0B5C  2A BD 26   	LD	HL,(26BDH)

0B5F  ED 52      	SBC	HL,DE

0B61  20 CA      	JR	NZ,0B2DH

0B63  22 B9 26   	LD	(26B9H),HL

0B66  2A B7 26   	LD	HL,(26B7H)

0B69  23         	INC	HL

0B6A  22 B7 26   	LD	(26B7H),HL

0B6D  11 02 00   	LD	DE,2H

0B70  ED 52      	SBC	HL,DE

0B72  20 B9      	JR	NZ,0B2DH

0B74  01 00 00   	LD	BC,0H

0B77  CD A2 0B   	CALL	0BA2H

0B7A  01 80 00   	LD	BC,80H

0B7D  CD A8 0B   	CALL	0BA8H

0B80  CD AB 0B   	CALL	0BABH

0B83  21 60 26   	LD	HL,2660H

0B86  CD 2C 0C   	CALL	0C2CH

0B89  18 06      	JR	0B91H

0B8B  21 0D 26   	LD	HL,260DH

0B8E  CD 2C 0C   	CALL	0C2CH

0B91  CD 42 0C   	CALL	0C42H

0B94  FE 03      	CP	3H

0B96  28 04      	JR	Z,0B9CH

0B98  FE 0D      	CP	0DH

0B9A  20 F5      	JR	NZ,0B91H

0B9C  C3 76 01   	JP	176H

0B9F  C3 9F 0B   	JP	0B9FH

0BA2  C3 A2 0B   	JP	0BA2H

0BA5  C3 A5 0B   	JP	0BA5H

0BA8  C3 A8 0B   	JP	0BA8H

0BAB  C3 AB 0B   	JP	0BABH

0BAE  C3 AE 0B   	JP	0BAEH

0BB1  C3 B1 0B   	JP	0BB1H

0BB4  C3 B4 0B   	JP	0BB4H

0BB7  CD 2C 0C   	CALL	0C2CH

0BBA  7E         	LD	A,(HL)

0BBB  23         	INC	HL

0BBC  B7         	OR	A

0BBD  C8         	RET	Z

0BBE  47         	LD	B,A

0BBF  0E 41      	LD	C,41H

0BC1  AF         	XOR	A

0BC2  32 23 0F   	LD	(0F23H),A

0BC5  7E         	LD	A,(HL)

0BC6  23         	INC	HL

0BC7  F6 40      	OR	40H

0BC9  57         	LD	D,A

0BCA  FE 40      	CP	40H

0BCC  28 05      	JR	Z,0BD3H

0BCE  3E 2C      	LD	A,2CH

0BD0  32 23 0F   	LD	(0F23H),A

0BD3  CD 26 0C   	CALL	0C26H

0BD6  5B         	LD	E,E

0BD7  20 00      	JR	NZ,0BD9H

0BD9  79         	LD	A,C

0BDA  32 20 0F   	LD	(0F20H),A

0BDD  BA         	CP	D

0BDE  20 0B      	JR	NZ,0BEBH

0BE0  3E 16      	LD	A,16H

0BE2  CD 35 0C   	CALL	0C35H

0BE5  79         	LD	A,C

0BE6  CD 35 0C   	CALL	0C35H

0BE9  3E 16      	LD	A,16H

0BEB  CD 35 0C   	CALL	0C35H

0BEE  CD 26 0C   	CALL	0C26H

0BF1  20 5D      	JR	NZ,0C50H

0BF3  20 20      	JR	NZ,0C15H

0BF5  00         	NOP

0BF6  0C         	INC	C

0BF7  CD 2C 0C   	CALL	0C2CH

0BFA  10 D7      	DJNZ	0BD3H

0BFC  21 10 0F   	LD	HL,0F10H

0BFF  CD 2C 0C   	CALL	0C2CH

0C02  21 45 0F   	LD	HL,0F45H

0C05  CD 2C 0C   	CALL	0C2CH

0C08  CD 42 0C   	CALL	0C42H

0C0B  E6 5F      	AND	5FH

0C0D  FE 0D      	CP	0DH

0C0F  20 01      	JR	NZ,0C12H

0C11  7A         	LD	A,D

0C12  D6 03      	SUB	3H

0C14  C8         	RET	Z

0C15  C6 03      	ADD	A,3H

0C17  FE 41      	CP	41H

0C19  38 ED      	JR	C,0C08H

0C1B  B9         	CP	C

0C1C  30 EA      	JR	NC,0C08H

0C1E  4F         	LD	C,A

0C1F  CD 35 0C   	CALL	0C35H

0C22  79         	LD	A,C

0C23  D6 40      	SUB	40H

0C25  C9         	RET

0C26  E3         	EX	(SP),HL

0C27  CD 2C 0C   	CALL	0C2CH

0C2A  E3         	EX	(SP),HL

0C2B  C9         	RET

0C2C  7E         	LD	A,(HL)

0C2D  23         	INC	HL

0C2E  B7         	OR	A

0C2F  C8         	RET	Z

0C30  CD 35 0C   	CALL	0C35H

0C33  18 F7      	JR	0C2CH

0C35  C5         	PUSH	BC

0C36  D5         	PUSH	DE

0C37  E5         	PUSH	HL

0C38  0E 02      	LD	C,2H

0C3A  5F         	LD	E,A

0C3B  CD 05 00   	CALL	5H

0C3E  E1         	POP	HL

0C3F  D1         	POP	DE

0C40  C1         	POP	BC

0C41  C9         	RET

0C42  E5         	PUSH	HL

0C43  D5         	PUSH	DE

0C44  C5         	PUSH	BC

0C45  1E FF      	LD	E,0FFH

0C47  0E 06      	LD	C,6H

0C49  CD 05 00   	CALL	5H

0C4C  B7         	OR	A

0C4D  28 F6      	JR	Z,0C45H

0C4F  C1         	POP	BC

0C50  D1         	POP	DE

0C51  E1         	POP	HL

0C52  C9         	RET

0C53  0E 00      	LD	C,0H

0C55  CD 42 0C   	CALL	0C42H

0C58  FE 0D      	CP	0DH

0C5A  28 33      	JR	Z,0C8FH

0C5C  FE 03      	CP	3H

0C5E  C8         	RET	Z

0C5F  FE 20      	CP	20H

0C61  38 0E      	JR	C,0C71H

0C63  FE 7F      	CP	7FH

0C65  28 EE      	JR	Z,0C55H

0C67  77         	LD	(HL),A

0C68  23         	INC	HL

0C69  CD 35 0C   	CALL	0C35H

0C6C  0C         	INC	C

0C6D  10 E6      	DJNZ	0C55H

0C6F  18 1E      	JR	0C8FH

0C71  FE 08      	CP	8H

0C73  16 01      	LD	D,1H

0C75  28 05      	JR	Z,0C7CH

0C77  FE 18      	CP	18H

0C79  20 DA      	JR	NZ,0C55H

0C7B  51         	LD	D,C

0C7C  79         	LD	A,C

0C7D  B7         	OR	A

0C7E  28 D5      	JR	Z,0C55H

0C80  CD 26 0C   	CALL	0C26H

0C83  08         	EX	AF,AF'

0C84  20 08      	JR	NZ,0C8EH

0C86  00         	NOP

0C87  2B         	DEC	HL

0C88  0D         	DEC	C

0C89  04         	INC	B

0C8A  15         	DEC	D

0C8B  20 F3      	JR	NZ,0C80H

0C8D  18 C6      	JR	0C55H

0C8F  F6 FF      	OR	0FFH

0C91  C9         	RET

0C92  E1         	POP	HL

0C93  3D         	DEC	A

0C94  87         	ADD	A,A

0C95  85         	ADD	A,L

0C96  6F         	LD	L,A

0C97  30 01      	JR	NC,0C9AH

0C99  24         	INC	H

0C9A  7E         	LD	A,(HL)

0C9B  23         	INC	HL

0C9C  66         	LD	H,(HL)

0C9D  6F         	LD	L,A

0C9E  E9         	JP	(HL)

0C9F  A6         	AND	(HL)

0CA0  E5         	PUSH	HL

0CA1  21 B1 0C   	LD	HL,0CB1H

0CA4  20 03      	JR	NZ,0CA9H

0CA6  23         	INC	HL

0CA7  23         	INC	HL

0CA8  23         	INC	HL

0CA9  ED A0      	LDI

0CAB  ED A0      	LDI

0CAD  ED A0      	LDI

0CAF  E1         	POP	HL

0CB0  C9         	RET

0CB1  59         	LD	E,C

0CB2  45         	LD	B,L

0CB3  53         	LD	D,E

0CB4  4E         	LD	C,(HL)

0CB5  4F         	LD	C,A

0CB6  20 A6      	JR	NZ,0C5EH

0CB8  A9         	XOR	C

0CB9  E5         	PUSH	HL

0CBA  21 CA 0C   	LD	HL,0CCAH

0CBD  20 03      	JR	NZ,0CC2H

0CBF  23         	INC	HL

0CC0  23         	INC	HL

0CC1  23         	INC	HL

0CC2  ED A0      	LDI

0CC4  ED A0      	LDI

0CC6  ED A0      	LDI

0CC8  E1         	POP	HL

0CC9  C9         	RET

0CCA  4F         	LD	C,A

0CCB  4E         	LD	C,(HL)

0CCC  20 4F      	JR	NZ,0D1DH

0CCE  46         	LD	B,(HL)

0CCF  46         	LD	B,(HL)

0CD0  01 20 20   	LD	BC,2020H

0CD3  FE 64      	CP	64H

0CD5  38 09      	JR	C,0CE0H

0CD7  04         	INC	B

0CD8  CB E0      	SET	4,B

0CDA  CB E1      	SET	4,C

0CDC  D6 64      	SUB	64H

0CDE  18 F3      	JR	0CD3H

0CE0  FE 0A      	CP	0AH

0CE2  38 07      	JR	C,0CEBH

0CE4  0C         	INC	C

0CE5  CB E1      	SET	4,C

0CE7  D6 0A      	SUB	0AH

0CE9  18 F5      	JR	0CE0H

0CEB  F6 30      	OR	30H

0CED  70         	LD	(HL),B

0CEE  23         	INC	HL

0CEF  71         	LD	(HL),C

0CF0  23         	INC	HL

0CF1  77         	LD	(HL),A

0CF2  C9         	RET

0CF3  0E 00      	LD	C,0H

0CF5  CD 07 0D   	CALL	0D07H

0CF8  38 0B      	JR	C,0D05H

0CFA  47         	LD	B,A

0CFB  79         	LD	A,C

0CFC  87         	ADD	A,A

0CFD  4F         	LD	C,A

0CFE  87         	ADD	A,A

0CFF  87         	ADD	A,A

0D00  81         	ADD	A,C

0D01  80         	ADD	A,B

0D02  4F         	LD	C,A

0D03  18 F0      	JR	0CF5H

0D05  79         	LD	A,C

0D06  C9         	RET

0D07  7E         	LD	A,(HL)

0D08  23         	INC	HL

0D09  D6 30      	SUB	30H

0D0B  D8         	RET	C

0D0C  FE 0A      	CP	0AH

0D0E  3F         	CCF

0D0F  C9         	RET

0D10  21 8E 26   	LD	HL,268EH

0D13  ED 5B 8C 26	LD	DE,(268CH)

0D17  01 03 00   	LD	BC,3H

0D1A  ED B0      	LDIR

0D1C  C9         	RET

0D1D  C5         	PUSH	BC

0D1E  D5         	PUSH	DE

0D1F  E5         	PUSH	HL

0D20  21 0E 00   	LD	HL,0EH

0D23  19         	ADD	HL,DE

0D24  7E         	LD	A,(HL)

0D25  B7         	OR	A

0D26  37         	SCF

0D27  20 66      	JR	NZ,0D8FH

0D29  2B         	DEC	HL

0D2A  7E         	LD	A,(HL)

0D2B  FE 02      	CP	2H

0D2D  38 60      	JR	C,0D8FH

0D2F  FE 08      	CP	8H

0D31  3F         	CCF

0D32  38 5B      	JR	C,0D8FH

0D34  21 01 28   	LD	HL,2801H

0D37  6E         	LD	L,(HL)

0D38  23         	INC	HL

0D39  23         	INC	HL

0D3A  23         	INC	HL

0D3B  23         	INC	HL

0D3C  E5         	PUSH	HL

0D3D  21 10 00   	LD	HL,10H

0D40  19         	ADD	HL,DE

0D41  46         	LD	B,(HL)

0D42  21 40 00   	LD	HL,40H

0D45  04         	INC	B

0D46  29         	ADD	HL,HL

0D47  10 FD      	DJNZ	0D46H

0D49  7C         	LD	A,H

0D4A  B7         	OR	A

0D4B  37         	SCF

0D4C  E1         	POP	HL

0D4D  28 40      	JR	Z,0D8FH

0D4F  36 00      	LD	(HL),0H

0D51  23         	INC	HL

0D52  77         	LD	(HL),A

0D53  23         	INC	HL

0D54  E5         	PUSH	HL

0D55  21 13 00   	LD	HL,13H

0D58  19         	ADD	HL,DE

0D59  4E         	LD	C,(HL)

0D5A  E1         	POP	HL

0D5B  3E B0      	LD	A,0B0H

0D5D  A1         	AND	C

0D5E  EE 80      	XOR	80H

0D60  37         	SCF

0D61  20 2C      	JR	NZ,0D8FH

0D63  CB 71      	BIT	6,C

0D65  28 01      	JR	Z,0D68H

0D67  3C         	INC	A

0D68  77         	LD	(HL),A

0D69  23         	INC	HL

0D6A  E5         	PUSH	HL

0D6B  21 0F 00   	LD	HL,0FH

0D6E  19         	ADD	HL,DE

0D6F  4E         	LD	C,(HL)

0D70  AF         	XOR	A

0D71  06 02      	LD	B,2H

0D73  81         	ADD	A,C

0D74  10 FD      	DJNZ	0D73H

0D76  E1         	POP	HL

0D77  77         	LD	(HL),A

0D78  23         	INC	HL

0D79  54         	LD	D,H

0D7A  5D         	LD	E,L

0D7B  06 1E      	LD	B,1EH

0D7D  36 FF      	LD	(HL),0FFH

0D7F  23         	INC	HL

0D80  10 FB      	DJNZ	0D7DH

0D82  E1         	POP	HL

0D83  E5         	PUSH	HL

0D84  7E         	LD	A,(HL)

0D85  23         	INC	HL

0D86  66         	LD	H,(HL)

0D87  6F         	LD	L,A

0D88  B4         	OR	H

0D89  37         	SCF

0D8A  28 03      	JR	Z,0D8FH

0D8C  ED B0      	LDIR

0D8E  AF         	XOR	A

0D8F  E1         	POP	HL

0D90  D1         	POP	DE

0D91  C1         	POP	BC

0D92  C9         	RET

0D93  1A         	LD	A,(DE)

0D94  16 54      	LD	D,54H

0D96  52         	LD	D,D

0D97  53         	LD	D,E

0D98  2D         	DEC	L

0D99  38 30      	JR	C,0DCBH

0D9B  20 4D      	JR	NZ,0DEAH

0D9D  6F         	LD	L,A

0D9E  64         	LD	H,H

0D9F  65         	LD	H,L

0DA0  6C         	LD	L,H

0DA1  20 34      	JR	NZ,0DD7H

0DA3  20 43      	JR	NZ,0DE8H

0DA5  50         	LD	D,B

0DA6  2F         	CPL

0DA7  4D         	LD	C,L

0DA8  20 32      	JR	NZ,0DDCH

0DAA  2E 32      	LD	L,32H

0DAC  20 43      	JR	NZ,0DF1H

0DAE  4F         	LD	C,A

0DAF  4E         	LD	C,(HL)

0DB0  46         	LD	B,(HL)

0DB1  49         	LD	C,C

0DB2  47         	LD	B,A

0DB3  20 76      	JR	NZ,0E2BH

0DB5  65         	LD	H,L

0DB6  72         	LD	(HL),D

0DB7  73         	LD	(HL),E

0DB8  69         	LD	L,C

0DB9  6F         	LD	L,A

0DBA  6E         	LD	L,(HL)

0DBB  20 33      	JR	NZ,0DF0H

0DBD  2E 31      	LD	L,31H

0DBF  30 15      	JR	NC,0DD6H

0DC1  0D         	DEC	C

0DC2  0A         	LD	A,(BC)

0DC3  43         	LD	B,E

0DC4  6F         	LD	L,A

0DC5  70         	LD	(HL),B

0DC6  79         	LD	A,C

0DC7  72         	LD	(HL),D

0DC8  69         	LD	L,C

0DC9  67         	LD	H,A

0DCA  68         	LD	L,B

0DCB  74         	LD	(HL),H

0DCC  20 28      	JR	NZ,0DF6H

0DCE  63         	LD	H,E

0DCF  29         	ADD	HL,HL

0DD0  20 28      	JR	NZ,0DFAH

0DD2  70         	LD	(HL),B

0DD3  29         	ADD	HL,HL

0DD4  20 31      	JR	NZ,0E07H

0DD6  39         	ADD	HL,SP

0DD7  38 34      	JR	C,0E0DH

0DD9  20 4D      	JR	NZ,0E28H

0DDB  6F         	LD	L,A

0DDC  6E         	LD	L,(HL)

0DDD  74         	LD	(HL),H

0DDE  65         	LD	H,L

0DDF  7A         	LD	A,D

0DE0  75         	LD	(HL),L

0DE1  6D         	LD	L,L

0DE2  61         	LD	H,C

0DE3  20 4D      	JR	NZ,0E32H

0DE5  69         	LD	L,C

0DE6  63         	LD	H,E

0DE7  72         	LD	(HL),D

0DE8  6F         	LD	L,A

0DE9  2F         	CPL

0DEA  4A         	LD	C,D

0DEB  42         	LD	B,D

0DEC  4F         	LD	C,A

0DED  20 2D      	JR	NZ,0E1CH

0DEF  20 41      	JR	NZ,0E32H

0DF1  6C         	LD	L,H

0DF2  6C         	LD	L,H

0DF3  20 72      	JR	NZ,0E67H

0DF5  69         	LD	L,C

0DF6  67         	LD	H,A

0DF7  68         	LD	L,B

0DF8  74         	LD	(HL),H

0DF9  73         	LD	(HL),E

0DFA  20 72      	JR	NZ,0E6EH

0DFC  65         	LD	H,L

0DFD  73         	LD	(HL),E

0DFE  65         	LD	H,L

0DFF  72         	LD	(HL),D

0E00  76         	HALT

0E01  65         	LD	H,L

0E02  64         	LD	H,H

0E03  15         	DEC	D

0E04  0D         	DEC	C

0E05  0A         	LD	A,(BC)

0E06  15         	DEC	D

0E07  0D         	DEC	C

0E08  0A         	LD	A,(BC)

0E09  16 0A      	LD	D,0AH

0E0B  43         	LD	B,E

0E0C  6F         	LD	L,A

0E0D  6E         	LD	L,(HL)

0E0E  66         	LD	H,(HL)

0E0F  69         	LD	L,C

0E10  67         	LD	H,A

0E11  75         	LD	(HL),L

0E12  72         	LD	(HL),D

0E13  61         	LD	H,C

0E14  74         	LD	(HL),H

0E15  69         	LD	L,C

0E16  6F         	LD	L,A

0E17  6E         	LD	L,(HL)

0E18  20 6F      	JR	NZ,0E89H

0E1A  70         	LD	(HL),B

0E1B  74         	LD	(HL),H

0E1C  69         	LD	L,C

0E1D  6F         	LD	L,A

0E1E  6E         	LD	L,(HL)

0E1F  73         	LD	(HL),E

0E20  3A 0D 0A   	LD	A,(0A0DH)

0E23  0A         	LD	A,(BC)

0E24  00         	NOP

0E25  08         	EX	AF,AF'

0E26  00         	NOP

0E27  53         	LD	D,E

0E28  79         	LD	A,C

0E29  73         	LD	(HL),E

0E2A  74         	LD	(HL),H

0E2B  65         	LD	H,L

0E2C  6D         	LD	L,L

0E2D  20 64      	JR	NZ,0E93H

0E2F  65         	LD	H,L

0E30  76         	HALT

0E31  69         	LD	L,C

0E32  63         	LD	H,E

0E33  65         	LD	H,L

0E34  20 61      	JR	NZ,0E97H

0E36  73         	LD	(HL),E

0E37  73         	LD	(HL),E

0E38  69         	LD	L,C

0E39  67         	LD	H,A

0E3A  6E         	LD	L,(HL)

0E3B  6D         	LD	L,L

0E3C  65         	LD	H,L

0E3D  6E         	LD	L,(HL)

0E3E  74         	LD	(HL),H

0E3F  73         	LD	(HL),E

0E40  0D         	DEC	C

0E41  0A         	LD	A,(BC)

0E42  00         	NOP

0E43  4B         	LD	C,E

0E44  65         	LD	H,L

0E45  79         	LD	A,C

0E46  62         	LD	H,D

0E47  6F         	LD	L,A

0E48  61         	LD	H,C

0E49  72         	LD	(HL),D

0E4A  64         	LD	H,H

0E4B  20 64      	JR	NZ,0EB1H

0E4D  65         	LD	H,L

0E4E  66         	LD	H,(HL)

0E4F  69         	LD	L,C

0E50  6E         	LD	L,(HL)

0E51  69         	LD	L,C

0E52  74         	LD	(HL),H

0E53  69         	LD	L,C

0E54  6F         	LD	L,A

0E55  6E         	LD	L,(HL)

0E56  73         	LD	(HL),E

0E57  0D         	DEC	C

0E58  0A         	LD	A,(BC)

0E59  00         	NOP

0E5A  56         	LD	D,(HL)

0E5B  69         	LD	L,C

0E5C  64         	LD	H,H

0E5D  65         	LD	H,L

0E5E  6F         	LD	L,A

0E5F  20 44      	JR	NZ,0EA5H

0E61  69         	LD	L,C

0E62  73         	LD	(HL),E

0E63  70         	LD	(HL),B

0E64  6C         	LD	L,H

0E65  61         	LD	H,C

0E66  79         	LD	A,C

0E67  20 64      	JR	NZ,0ECDH

0E69  65         	LD	H,L

0E6A  66         	LD	H,(HL)

0E6B  69         	LD	L,C

0E6C  6E         	LD	L,(HL)

0E6D  69         	LD	L,C

0E6E  74         	LD	(HL),H

0E6F  69         	LD	L,C

0E70  6F         	LD	L,A

0E71  6E         	LD	L,(HL)

0E72  73         	LD	(HL),E

0E73  0D         	DEC	C

0E74  0A         	LD	A,(BC)

0E75  00         	NOP

0E76  50         	LD	D,B

0E77  61         	LD	H,C

0E78  72         	LD	(HL),D

0E79  61         	LD	H,C

0E7A  6C         	LD	L,H

0E7B  6C         	LD	L,H

0E7C  65         	LD	H,L

0E7D  6C         	LD	L,H

0E7E  20 70      	JR	NZ,0EF0H

0E80  72         	LD	(HL),D

0E81  69         	LD	L,C

0E82  6E         	LD	L,(HL)

0E83  74         	LD	(HL),H

0E84  65         	LD	H,L

0E85  72         	LD	(HL),D

0E86  20 64      	JR	NZ,0EECH

0E88  65         	LD	H,L

0E89  66         	LD	H,(HL)

0E8A  69         	LD	L,C

0E8B  6E         	LD	L,(HL)

0E8C  69         	LD	L,C

0E8D  74         	LD	(HL),H

0E8E  69         	LD	L,C

0E8F  6F         	LD	L,A

0E90  6E         	LD	L,(HL)

0E91  73         	LD	(HL),E

0E92  0D         	DEC	C

0E93  0A         	LD	A,(BC)

0E94  00         	NOP

0E95  53         	LD	D,E

0E96  65         	LD	H,L

0E97  72         	LD	(HL),D

0E98  69         	LD	L,C

0E99  61         	LD	H,C

0E9A  6C         	LD	L,H

0E9B  20 70      	JR	NZ,0F0DH

0E9D  6F         	LD	L,A

0E9E  72         	LD	(HL),D

0E9F  74         	LD	(HL),H

0EA0  20 64      	JR	NZ,0F06H

0EA2  65         	LD	H,L

0EA3  66         	LD	H,(HL)

0EA4  69         	LD	L,C

0EA5  6E         	LD	L,(HL)

0EA6  69         	LD	L,C

0EA7  74         	LD	(HL),H

0EA8  69         	LD	L,C

0EA9  6F         	LD	L,A

0EAA  6E         	LD	L,(HL)

0EAB  73         	LD	(HL),E

0EAC  0D         	DEC	C

0EAD  0A         	LD	A,(BC)

0EAE  00         	NOP

0EAF  44         	LD	B,H

0EB0  69         	LD	L,C

0EB1  73         	LD	(HL),E

0EB2  6B         	LD	L,E

0EB3  20 64      	JR	NZ,0F19H

0EB5  72         	LD	(HL),D

0EB6  69         	LD	L,C

0EB7  76         	HALT

0EB8  65         	LD	H,L

0EB9  20 64      	JR	NZ,0F1FH

0EBB  65         	LD	H,L

0EBC  66         	LD	H,(HL)

0EBD  69         	LD	L,C

0EBE  6E         	LD	L,(HL)

0EBF  69         	LD	L,C

0EC0  74         	LD	(HL),H

0EC1  69         	LD	L,C

0EC2  6F         	LD	L,A

0EC3  6E         	LD	L,(HL)

0EC4  73         	LD	(HL),E

0EC5  0D         	DEC	C

0EC6  0A         	LD	A,(BC)

0EC7  00         	NOP

0EC8  44         	LD	B,H

0EC9  69         	LD	L,C

0ECA  73         	LD	(HL),E

0ECB  6B         	LD	L,E

0ECC  20 66      	JR	NZ,0F34H

0ECE  6F         	LD	L,A

0ECF  72         	LD	(HL),D

0ED0  6D         	LD	L,L

0ED1  61         	LD	H,C

0ED2  74         	LD	(HL),H

0ED3  20 64      	JR	NZ,0F39H

0ED5  65         	LD	H,L

0ED6  66         	LD	H,(HL)

0ED7  69         	LD	L,C

0ED8  6E         	LD	L,(HL)

0ED9  69         	LD	L,C

0EDA  74         	LD	(HL),H

0EDB  69         	LD	L,C

0EDC  6F         	LD	L,A

0EDD  6E         	LD	L,(HL)

0EDE  73         	LD	(HL),E

0EDF  0D         	DEC	C

0EE0  0A         	LD	A,(BC)

0EE1  00         	NOP

0EE2  53         	LD	D,E

0EE3  61         	LD	H,C

0EE4  76         	HALT

0EE5  65         	LD	H,L

0EE6  20 63      	JR	NZ,0F4BH

0EE8  75         	LD	(HL),L

0EE9  72         	LD	(HL),D

0EEA  72         	LD	(HL),D

0EEB  65         	LD	H,L

0EEC  6E         	LD	L,(HL)

0EED  74         	LD	(HL),H

0EEE  20 63      	JR	NZ,0F53H

0EF0  6F         	LD	L,A

0EF1  6E         	LD	L,(HL)

0EF2  66         	LD	H,(HL)

0EF3  69         	LD	L,C

0EF4  67         	LD	H,A

0EF5  75         	LD	(HL),L

0EF6  72         	LD	(HL),D

0EF7  61         	LD	H,C

0EF8  74         	LD	(HL),H

0EF9  69         	LD	L,C

0EFA  6F         	LD	L,A

0EFB  6E         	LD	L,(HL)

0EFC  20 6F      	JR	NZ,0F6DH

0EFE  6E         	LD	L,(HL)

0EFF  20 64      	JR	NZ,0F65H

0F01  69         	LD	L,C

0F02  73         	LD	(HL),E

0F03  6B         	LD	L,E

0F04  20 28      	JR	NZ,0F2EH

0F06  53         	LD	D,E

0F07  59         	LD	E,C

0F08  53         	LD	D,E

0F09  47         	LD	B,A

0F0A  45         	LD	B,L

0F0B  4E         	LD	C,(HL)

0F0C  29         	ADD	HL,HL

0F0D  0D         	DEC	C

0F0E  0A         	LD	A,(BC)

0F0F  00         	NOP

0F10  0D         	DEC	C

0F11  0A         	LD	A,(BC)

0F12  0A         	LD	A,(BC)

0F13  53         	LD	D,E

0F14  65         	LD	H,L

0F15  6C         	LD	L,H

0F16  65         	LD	H,L

0F17  63         	LD	H,E

0F18  74         	LD	(HL),H

0F19  20 5B      	JR	NZ,0F76H

0F1B  20 41      	JR	NZ,0F5EH

0F1D  20 2D      	JR	NZ,0F4CH

0F1F  20 5A      	JR	NZ,0F7BH

0F21  20 5D      	JR	NZ,0F80H

0F23  00         	NOP

0F24  20 45      	JR	NZ,0F6BH

0F26  4E         	LD	C,(HL)

0F27  54         	LD	D,H

0F28  45         	LD	B,L

0F29  52         	LD	D,D

0F2A  20 66      	JR	NZ,0F92H

0F2C  6F         	LD	L,A

0F2D  72         	LD	(HL),D

0F2E  20 6D      	JR	NZ,0F9DH

0F30  61         	LD	H,C

0F31  72         	LD	(HL),D

0F32  6B         	LD	L,E

0F33  65         	LD	H,L

0F34  64         	LD	H,H

0F35  20 64      	JR	NZ,0F9BH

0F37  65         	LD	H,L

0F38  66         	LD	H,(HL)

0F39  61         	LD	H,C

0F3A  75         	LD	(HL),L

0F3B  6C         	LD	L,H

0F3C  74         	LD	(HL),H

0F3D  20 63      	JR	NZ,0FA2H

0F3F  68         	LD	L,B

0F40  6F         	LD	L,A

0F41  69         	LD	L,C

0F42  63         	LD	H,E

0F43  65         	LD	H,L

0F44  00         	NOP

0F45  2C         	INC	L

0F46  20 6F      	JR	NZ,0FB7H

0F48  72         	LD	(HL),D

0F49  20 42      	JR	NZ,0F8DH

0F4B  52         	LD	D,D

0F4C  45         	LD	B,L

0F4D  41         	LD	B,C

0F4E  4B         	LD	C,E

0F4F  20 28      	JR	NZ,0F79H

0F51  5E         	LD	E,(HL)

0F52  43         	LD	B,E

0F53  29         	ADD	HL,HL

0F54  20 74      	JR	NZ,0FCAH

0F56  6F         	LD	L,A

0F57  20 65      	JR	NZ,0FBEH

0F59  78         	LD	A,B

0F5A  69         	LD	L,C

0F5B  74         	LD	(HL),H

0F5C  2E 0D      	LD	L,0DH

0F5E  0A         	LD	A,(BC)

0F5F  59         	LD	E,C

0F60  6F         	LD	L,A

0F61  75         	LD	(HL),L

0F62  72         	LD	(HL),D

0F63  20 63      	JR	NZ,0FC8H

0F65  68         	LD	L,B

0F66  6F         	LD	L,A

0F67  69         	LD	L,C

0F68  63         	LD	H,E

0F69  65         	LD	H,L

0F6A  3A 20 20   	LD	A,(2020H)

0F6D  5B         	LD	E,E

0F6E  20 5D      	JR	NZ,0FCDH

0F70  08         	EX	AF,AF'

0F71  08         	EX	AF,AF'

0F72  00         	NOP

0F73  1A         	LD	A,(DE)

0F74  07         	RLCA

0F75  2A 2A 2A   	LD	HL,(2A2AH)

0F78  2A 2A 16   	LD	HL,(162AH)

0F7B  20 57      	JR	NZ,0FD4H

0F7D  41         	LD	B,C

0F7E  52         	LD	D,D

0F7F  4E         	LD	C,(HL)

0F80  49         	LD	C,C

0F81  4E         	LD	C,(HL)

0F82  47         	LD	B,A

0F83  20 16      	JR	NZ,0F9BH

0F85  2A 2A 2A   	LD	HL,(2A2AH)

0F88  2A 2A 0D   	LD	HL,(0D2AH)

0F8B  0A         	LD	A,(BC)

0F8C  0A         	LD	A,(BC)

0F8D  44         	LD	B,H

0F8E  72         	LD	(HL),D

0F8F  69         	LD	L,C

0F90  76         	HALT

0F91  65         	LD	H,L

0F92  20 20      	JR	NZ,0FB4H

0F94  41         	LD	B,C

0F95  3A 20 69   	LD	A,(6920H)

0F98  73         	LD	(HL),E

0F99  20 6E      	JR	NZ,1009H

0F9B  6F         	LD	L,A

0F9C  74         	LD	(HL),H

0F9D  20 64      	JR	NZ,1003H

0F9F  65         	LD	H,L

0FA0  66         	LD	H,(HL)

0FA1  69         	LD	L,C

0FA2  6E         	LD	L,(HL)

0FA3  65         	LD	H,L

0FA4  64         	LD	H,H

0FA5  20 69      	JR	NZ,1010H

0FA7  6E         	LD	L,(HL)

0FA8  20 4D      	JR	NZ,0FF7H

0FAA  6F         	LD	L,A

0FAB  6E         	LD	L,(HL)

0FAC  74         	LD	(HL),H

0FAD  65         	LD	H,L

0FAE  7A         	LD	A,D

0FAF  75         	LD	(HL),L

0FB0  6D         	LD	L,L

0FB1  61         	LD	H,C

0FB2  20 4D      	JR	NZ,1001H

0FB4  69         	LD	L,C

0FB5  63         	LD	H,E

0FB6  72         	LD	(HL),D

0FB7  6F         	LD	L,A

0FB8  20 66      	JR	NZ,1020H

0FBA  6F         	LD	L,A

0FBB  72         	LD	(HL),D

0FBC  6D         	LD	L,L

0FBD  61         	LD	H,C

0FBE  74         	LD	(HL),H

0FBF  2E 20      	LD	L,20H

0FC1  20 41      	JR	NZ,1004H

0FC3  74         	LD	(HL),H

0FC4  74         	LD	(HL),H

0FC5  65         	LD	H,L

0FC6  6D         	LD	L,L

0FC7  70         	LD	(HL),B

0FC8  74         	LD	(HL),H

0FC9  73         	LD	(HL),E

0FCA  20 74      	JR	NZ,1040H

0FCC  6F         	LD	L,A

0FCD  20 72      	JR	NZ,1041H

0FCF  65         	LD	H,L

0FD0  62         	LD	H,D

0FD1  6F         	LD	L,A

0FD2  6F         	LD	L,A

0FD3  74         	LD	(HL),H

0FD4  20 66      	JR	NZ,103CH

0FD6  72         	LD	(HL),D

0FD7  6F         	LD	L,A

0FD8  6D         	LD	L,L

0FD9  20 0D      	JR	NZ,0FE8H

0FDB  0A         	LD	A,(BC)

0FDC  74         	LD	(HL),H

0FDD  68         	LD	L,B

0FDE  69         	LD	L,C

0FDF  73         	LD	(HL),E

0FE0  20 64      	JR	NZ,1046H

0FE2  72         	LD	(HL),D

0FE3  69         	LD	L,C

0FE4  76         	HALT

0FE5  65         	LD	H,L

0FE6  20 6D      	JR	NZ,1055H

0FE8  61         	LD	H,C

0FE9  79         	LD	A,C

0FEA  20 6E      	JR	NZ,105AH

0FEC  6F         	LD	L,A

0FED  74         	LD	(HL),H

0FEE  20 73      	JR	NZ,1063H

0FF0  75         	LD	(HL),L

0FF1  63         	LD	H,E

0FF2  63         	LD	H,E

0FF3  65         	LD	H,L

0FF4  65         	LD	H,L

0FF5  64         	LD	H,H

0FF6  20 61      	JR	NZ,1059H

0FF8  6E         	LD	L,(HL)

0FF9  64         	LD	H,H

0FFA  20 61      	JR	NZ,105DH

0FFC  20 63      	JR	NZ,1061H

0FFE  6F         	LD	L,A

0FFF  6D         	LD	L,L

1000  70         	LD	(HL),B

1001  6C         	LD	L,H

1002  65         	LD	H,L

1003  74         	LD	(HL),H

1004  65         	LD	H,L

1005  20 52      	JR	NZ,1059H

1007  45         	LD	B,L

1008  53         	LD	D,E

1009  45         	LD	B,L

100A  54         	LD	D,H

100B  20 6D      	JR	NZ,107AH

100D  61         	LD	H,C

100E  79         	LD	A,C

100F  20 62      	JR	NZ,1073H

1011  65         	LD	H,L

1012  20 6E      	JR	NZ,1082H

1014  65         	LD	H,L

1015  63         	LD	H,E

1016  65         	LD	H,L

1017  73         	LD	(HL),E

1018  73         	LD	(HL),E

1019  61         	LD	H,C

101A  72         	LD	(HL),D

101B  79         	LD	A,C

101C  2E 0D      	LD	L,0DH

101E  0A         	LD	A,(BC)

101F  0A         	LD	A,(BC)

1020  20 20      	JR	NZ,1042H

1022  50         	LD	D,B

1023  75         	LD	(HL),L

1024  73         	LD	(HL),E

1025  68         	LD	L,B

1026  20 45      	JR	NZ,106DH

1028  4E         	LD	C,(HL)

1029  54         	LD	D,H

102A  45         	LD	B,L

102B  52         	LD	D,D

102C  20 74      	JR	NZ,10A2H

102E  6F         	LD	L,A

102F  20 72      	JR	NZ,10A3H

1031  65         	LD	H,L

1032  74         	LD	(HL),H

1033  75         	LD	(HL),L

1034  72         	LD	(HL),D

1035  6E         	LD	L,(HL)

1036  20 74      	JR	NZ,10ACH

1038  6F         	LD	L,A

1039  20 43      	JR	NZ,107EH

103B  50         	LD	D,B

103C  2F         	CPL

103D  4D         	LD	C,L

103E  20 77      	JR	NZ,10B7H

1040  69         	LD	L,C

1041  74         	LD	(HL),H

1042  68         	LD	L,B

1043  6F         	LD	L,A

1044  75         	LD	(HL),L

1045  74         	LD	(HL),H

1046  20 72      	JR	NZ,10BAH

1048  65         	LD	H,L

1049  62         	LD	H,D

104A  6F         	LD	L,A

104B  6F         	LD	L,A

104C  74         	LD	(HL),H

104D  69         	LD	L,C

104E  6E         	LD	L,(HL)

104F  67         	LD	H,A

1050  20 28      	JR	NZ,107AH

1052  50         	LD	D,B

1053  72         	LD	(HL),D

1054  6F         	LD	L,A

1055  63         	LD	H,E

1056  65         	LD	H,L

1057  65         	LD	H,L

1058  64         	LD	H,H

1059  20 61      	JR	NZ,10BCH

105B  74         	LD	(HL),H

105C  20 79      	JR	NZ,10D7H

105E  6F         	LD	L,A

105F  75         	LD	(HL),L

1060  72         	LD	(HL),D

1061  20 6F      	JR	NZ,10D2H

1063  77         	LD	(HL),A

1064  6E         	LD	L,(HL)

1065  20 72      	JR	NZ,10D9H

1067  69         	LD	L,C

1068  73         	LD	(HL),E

1069  6B         	LD	L,E

106A  21 29 0D   	LD	HL,0D29H

106D  0A         	LD	A,(BC)

106E  20 20      	JR	NZ,1090H

1070  50         	LD	D,B

1071  75         	LD	(HL),L

1072  73         	LD	(HL),E

1073  68         	LD	L,B

1074  20 42      	JR	NZ,10B8H

1076  52         	LD	D,D

1077  45         	LD	B,L

1078  41         	LD	B,C

1079  4B         	LD	C,E

107A  20 74      	JR	NZ,10F0H

107C  6F         	LD	L,A

107D  20 72      	JR	NZ,10F1H

107F  65         	LD	H,L

1080  74         	LD	(HL),H

1081  75         	LD	(HL),L

1082  72         	LD	(HL),D

1083  6E         	LD	L,(HL)

1084  20 74      	JR	NZ,10FAH

1086  6F         	LD	L,A

1087  20 43      	JR	NZ,10CCH

1089  4F         	LD	C,A

108A  4E         	LD	C,(HL)

108B  46         	LD	B,(HL)

108C  49         	LD	C,C

108D  47         	LD	B,A

108E  20 74      	JR	NZ,1104H

1090  6F         	LD	L,A

1091  20 63      	JR	NZ,10F6H

1093  68         	LD	L,B

1094  61         	LD	H,C

1095  6E         	LD	L,(HL)

1096  67         	LD	H,A

1097  65         	LD	H,L

1098  20 64      	JR	NZ,10FEH

109A  72         	LD	(HL),D

109B  69         	LD	L,C

109C  76         	HALT

109D  65         	LD	H,L

109E  20 66      	JR	NZ,1106H

10A0  6F         	LD	L,A

10A1  72         	LD	(HL),D

10A2  6D         	LD	L,L

10A3  61         	LD	H,C

10A4  74         	LD	(HL),H

10A5  20 64      	JR	NZ,110BH

10A7  65         	LD	H,L

10A8  66         	LD	H,(HL)

10A9  69         	LD	L,C

10AA  6E         	LD	L,(HL)

10AB  69         	LD	L,C

10AC  74         	LD	(HL),H

10AD  69         	LD	L,C

10AE  6F         	LD	L,A

10AF  6E         	LD	L,(HL)

10B0  73         	LD	(HL),E

10B1  0D         	DEC	C

10B2  0A         	LD	A,(BC)

10B3  00         	NOP

10B4  1A         	LD	A,(DE)

10B5  16 15      	LD	D,15H

10B7  0D         	DEC	C

10B8  0A         	LD	A,(BC)

10B9  20 20      	JR	NZ,10DBH

10BB  20 20      	JR	NZ,10DDH

10BD  43         	LD	B,E

10BE  75         	LD	(HL),L

10BF  72         	LD	(HL),D

10C0  72         	LD	(HL),D

10C1  65         	LD	H,L

10C2  6E         	LD	L,(HL)

10C3  74         	LD	(HL),H

10C4  20 64      	JR	NZ,112AH

10C6  65         	LD	H,L

10C7  76         	HALT

10C8  69         	LD	L,C

10C9  63         	LD	H,E

10CA  65         	LD	H,L

10CB  20 61      	JR	NZ,112EH

10CD  73         	LD	(HL),E

10CE  73         	LD	(HL),E

10CF  69         	LD	L,C

10D0  67         	LD	H,A

10D1  6E         	LD	L,(HL)

10D2  6D         	LD	L,L

10D3  65         	LD	H,L

10D4  6E         	LD	L,(HL)

10D5  74         	LD	(HL),H

10D6  73         	LD	(HL),E

10D7  20 28      	JR	NZ,1101H

10D9  66         	LD	H,(HL)

10DA  72         	LD	(HL),D

10DB  6F         	LD	L,A

10DC  6D         	LD	L,L

10DD  20 49      	JR	NZ,1128H

10DF  4F         	LD	C,A

10E0  42         	LD	B,D

10E1  59         	LD	E,C

10E2  54         	LD	D,H

10E3  45         	LD	B,L

10E4  29         	ADD	HL,HL

10E5  15         	DEC	D

10E6  0D         	DEC	C

10E7  0A         	LD	A,(BC)

10E8  15         	DEC	D

10E9  0D         	DEC	C

10EA  0A         	LD	A,(BC)

10EB  16 0A      	LD	D,0AH

10ED  0A         	LD	A,(BC)

10EE  00         	NOP

10EF  04         	INC	B

10F0  00         	NOP

10F1  43         	LD	B,E

10F2  4F         	LD	C,A

10F3  4E         	LD	C,(HL)

10F4  3A 20 28   	LD	A,(2820H)

10F7  43         	LD	B,E

10F8  6F         	LD	L,A

10F9  6E         	LD	L,(HL)

10FA  73         	LD	(HL),E

10FB  6F         	LD	L,A

10FC  6C         	LD	L,H

10FD  65         	LD	H,L

10FE  29         	ADD	HL,HL

10FF  20 3D      	JR	NZ,113EH

1101  20 00      	JR	NZ,1103H

1103  00         	NOP

1104  00         	NOP

1105  00         	NOP

1106  00         	NOP

1107  00         	NOP

1108  00         	NOP

1109  00         	NOP

110A  00         	NOP

110B  00         	NOP

110C  00         	NOP

110D  00         	NOP

110E  00         	NOP

110F  00         	NOP

1110  00         	NOP

1111  00         	NOP

1112  00         	NOP

1113  00         	NOP

1114  00         	NOP

1115  00         	NOP

1116  00         	NOP

1117  00         	NOP

1118  00         	NOP

1119  00         	NOP

111A  00         	NOP

111B  00         	NOP

111C  00         	NOP

111D  00         	NOP

111E  00         	NOP

111F  00         	NOP

1120  00         	NOP

1121  00         	NOP

1122  52         	LD	D,D

1123  44         	LD	B,H

1124  52         	LD	D,D

1125  3A 20 28   	LD	A,(2820H)

1128  52         	LD	D,D

1129  65         	LD	H,L

112A  61         	LD	H,C

112B  64         	LD	H,H

112C  65         	LD	H,L

112D  72         	LD	(HL),D

112E  29         	ADD	HL,HL

112F  20 20      	JR	NZ,1151H

1131  3D         	DEC	A

1132  20 00      	JR	NZ,1134H

1134  00         	NOP

1135  00         	NOP

1136  00         	NOP

1137  00         	NOP

1138  00         	NOP

1139  00         	NOP

113A  00         	NOP

113B  00         	NOP

113C  00         	NOP

113D  00         	NOP

113E  00         	NOP

113F  00         	NOP

1140  00         	NOP

1141  00         	NOP

1142  00         	NOP

1143  00         	NOP

1144  00         	NOP

1145  00         	NOP

1146  00         	NOP

1147  00         	NOP

1148  00         	NOP

1149  00         	NOP

114A  00         	NOP

114B  00         	NOP

114C  00         	NOP

114D  00         	NOP

114E  00         	NOP

114F  00         	NOP

1150  00         	NOP

1151  00         	NOP

1152  00         	NOP

1153  50         	LD	D,B

1154  55         	LD	D,L

1155  4E         	LD	C,(HL)

1156  3A 20 28   	LD	A,(2820H)

1159  50         	LD	D,B

115A  75         	LD	(HL),L

115B  6E         	LD	L,(HL)

115C  63         	LD	H,E

115D  68         	LD	L,B

115E  29         	ADD	HL,HL

115F  20 20      	JR	NZ,1181H

1161  20 3D      	JR	NZ,11A0H

1163  20 00      	JR	NZ,1165H

1165  00         	NOP

1166  00         	NOP

1167  00         	NOP

1168  00         	NOP

1169  00         	NOP

116A  00         	NOP

116B  00         	NOP

116C  00         	NOP

116D  00         	NOP

116E  00         	NOP

116F  00         	NOP

1170  00         	NOP

1171  00         	NOP

1172  00         	NOP

1173  00         	NOP

1174  00         	NOP

1175  00         	NOP

1176  00         	NOP

1177  00         	NOP

1178  00         	NOP

1179  00         	NOP

117A  00         	NOP

117B  00         	NOP

117C  00         	NOP

117D  00         	NOP

117E  00         	NOP

117F  00         	NOP

1180  00         	NOP

1181  00         	NOP

1182  00         	NOP

1183  00         	NOP

1184  4C         	LD	C,H

1185  53         	LD	D,E

1186  54         	LD	D,H

1187  3A 20 28   	LD	A,(2820H)

118A  4C         	LD	C,H

118B  69         	LD	L,C

118C  73         	LD	(HL),E

118D  74         	LD	(HL),H

118E  29         	ADD	HL,HL

118F  20 20      	JR	NZ,11B1H

1191  20 20      	JR	NZ,11B3H

1193  3D         	DEC	A

1194  20 00      	JR	NZ,1196H

1196  00         	NOP

1197  00         	NOP

1198  00         	NOP

1199  00         	NOP

119A  00         	NOP

119B  00         	NOP

119C  00         	NOP

119D  00         	NOP

119E  00         	NOP

119F  00         	NOP

11A0  00         	NOP

11A1  00         	NOP

11A2  00         	NOP

11A3  00         	NOP

11A4  00         	NOP

11A5  00         	NOP

11A6  00         	NOP

11A7  00         	NOP

11A8  00         	NOP

11A9  00         	NOP

11AA  00         	NOP

11AB  00         	NOP

11AC  00         	NOP

11AD  00         	NOP

11AE  00         	NOP

11AF  00         	NOP

11B0  00         	NOP

11B1  00         	NOP

11B2  00         	NOP

11B3  00         	NOP

11B4  00         	NOP

11B5  1A         	LD	A,(DE)

11B6  16 15      	LD	D,15H

11B8  0D         	DEC	C

11B9  0A         	LD	A,(BC)

11BA  20 20      	JR	NZ,11DCH

11BC  20 20      	JR	NZ,11DEH

11BE  43         	LD	B,E

11BF  6F         	LD	L,A

11C0  6E         	LD	L,(HL)

11C1  73         	LD	(HL),E

11C2  6F         	LD	L,A

11C3  6C         	LD	L,H

11C4  65         	LD	H,L

11C5  20 28      	JR	NZ,11EFH

11C7  43         	LD	B,E

11C8  4F         	LD	C,A

11C9  4E         	LD	C,(HL)

11CA  3A 29 20   	LD	A,(2029H)

11CD  64         	LD	H,H

11CE  65         	LD	H,L

11CF  76         	HALT

11D0  69         	LD	L,C

11D1  63         	LD	H,E

11D2  65         	LD	H,L

11D3  20 63      	JR	NZ,1238H

11D5  68         	LD	L,B

11D6  6F         	LD	L,A

11D7  69         	LD	L,C

11D8  63         	LD	H,E

11D9  65         	LD	H,L

11DA  73         	LD	(HL),E

11DB  15         	DEC	D

11DC  0D         	DEC	C

11DD  0A         	LD	A,(BC)

11DE  15         	DEC	D

11DF  0D         	DEC	C

11E0  0A         	LD	A,(BC)

11E1  16 0A      	LD	D,0AH

11E3  0A         	LD	A,(BC)

11E4  00         	NOP

11E5  04         	INC	B

11E6  02         	LD	(BC),A

11E7  54         	LD	D,H

11E8  54         	LD	D,H

11E9  59         	LD	E,C

11EA  3A 20 20   	LD	A,(2020H)

11ED  53         	LD	D,E

11EE  65         	LD	H,L

11EF  72         	LD	(HL),D

11F0  69         	LD	L,C

11F1  61         	LD	H,C

11F2  6C         	LD	L,H

11F3  20 70      	JR	NZ,1265H

11F5  6F         	LD	L,A

11F6  72         	LD	(HL),D

11F7  74         	LD	(HL),H

11F8  20 69      	JR	NZ,1263H

11FA  6E         	LD	L,(HL)

11FB  20 26      	JR	NZ,1223H

11FD  20 6F      	JR	NZ,126EH

11FF  75         	LD	(HL),L

1200  74         	LD	(HL),H

1201  20 20      	JR	NZ,1223H

1203  20 0D      	JR	NZ,1212H

1205  0A         	LD	A,(BC)

1206  00         	NOP

1207  43         	LD	B,E

1208  52         	LD	D,D

1209  54         	LD	D,H

120A  3A 20 20   	LD	A,(2020H)

120D  4B         	LD	C,E

120E  65         	LD	H,L

120F  79         	LD	A,C

1210  62         	LD	H,D

1211  6F         	LD	L,A

1212  61         	LD	H,C

1213  72         	LD	(HL),D

1214  64         	LD	H,H

1215  20 69      	JR	NZ,1280H

1217  6E         	LD	L,(HL)

1218  2C         	INC	L

1219  20 56      	JR	NZ,1271H

121B  69         	LD	L,C

121C  64         	LD	H,H

121D  65         	LD	H,L

121E  6F         	LD	L,A

121F  20 6F      	JR	NZ,1290H

1221  75         	LD	(HL),L

1222  74         	LD	(HL),H

1223  20 0D      	JR	NZ,1232H

1225  0A         	LD	A,(BC)

1226  00         	NOP

1227  42         	LD	B,D

1228  41         	LD	B,C

1229  54         	LD	D,H

122A  3A 20 20   	LD	A,(2020H)

122D  42         	LD	B,D

122E  61         	LD	H,C

122F  74         	LD	(HL),H

1230  63         	LD	H,E

1231  68         	LD	L,B

1232  20 28      	JR	NZ,125CH

1234  52         	LD	D,D

1235  44         	LD	B,H

1236  52         	LD	D,D

1237  3D         	DEC	A

1238  69         	LD	L,C

1239  6E         	LD	L,(HL)

123A  2C         	INC	L

123B  20 4C      	JR	NZ,1289H

123D  53         	LD	D,E

123E  54         	LD	D,H

123F  3D         	DEC	A

1240  6F         	LD	L,A

1241  75         	LD	(HL),L

1242  74         	LD	(HL),H

1243  29         	ADD	HL,HL

1244  0D         	DEC	C

1245  0A         	LD	A,(BC)

1246  00         	NOP

1247  55         	LD	D,L

1248  43         	LD	B,E

1249  31 3A 20   	LD	SP,203AH

124C  20 55      	JR	NZ,12A3H

124E  73         	LD	(HL),E

124F  65         	LD	H,L

1250  72         	LD	(HL),D

1251  2D         	DEC	L

1252  64         	LD	H,H

1253  65         	LD	H,L

1254  66         	LD	H,(HL)

1255  69         	LD	L,C

1256  6E         	LD	L,(HL)

1257  65         	LD	H,L

1258  64         	LD	H,H

1259  20 63      	JR	NZ,12BEH

125B  6F         	LD	L,A

125C  6E         	LD	L,(HL)

125D  73         	LD	(HL),E

125E  6F         	LD	L,A

125F  6C         	LD	L,H

1260  65         	LD	H,L

1261  20 20      	JR	NZ,1283H

1263  20 0D      	JR	NZ,1272H

1265  0A         	LD	A,(BC)

1266  00         	NOP

1267  1A         	LD	A,(DE)

1268  16 15      	LD	D,15H

126A  0D         	DEC	C

126B  0A         	LD	A,(BC)

126C  20 20      	JR	NZ,128EH

126E  20 20      	JR	NZ,1290H

1270  52         	LD	D,D

1271  65         	LD	H,L

1272  61         	LD	H,C

1273  64         	LD	H,H

1274  65         	LD	H,L

1275  72         	LD	(HL),D

1276  20 28      	JR	NZ,12A0H

1278  52         	LD	D,D

1279  44         	LD	B,H

127A  52         	LD	D,D

127B  3A 29 20   	LD	A,(2029H)

127E  64         	LD	H,H

127F  65         	LD	H,L

1280  76         	HALT

1281  69         	LD	L,C

1282  63         	LD	H,E

1283  65         	LD	H,L

1284  20 63      	JR	NZ,12E9H

1286  68         	LD	L,B

1287  6F         	LD	L,A

1288  69         	LD	L,C

1289  63         	LD	H,E

128A  65         	LD	H,L

128B  73         	LD	(HL),E

128C  15         	DEC	D

128D  0D         	DEC	C

128E  0A         	LD	A,(BC)

128F  15         	DEC	D

1290  0D         	DEC	C

1291  0A         	LD	A,(BC)

1292  16 0A      	LD	D,0AH

1294  0A         	LD	A,(BC)

1295  00         	NOP

1296  04         	INC	B

1297  01 54 54   	LD	BC,5454H

129A  59         	LD	E,C

129B  3A 20 20   	LD	A,(2020H)

129E  53         	LD	D,E

129F  65         	LD	H,L

12A0  72         	LD	(HL),D

12A1  69         	LD	L,C

12A2  61         	LD	H,C

12A3  6C         	LD	L,H

12A4  20 70      	JR	NZ,1316H

12A6  6F         	LD	L,A

12A7  72         	LD	(HL),D

12A8  74         	LD	(HL),H

12A9  20 69      	JR	NZ,1314H

12AB  6E         	LD	L,(HL)

12AC  70         	LD	(HL),B

12AD  75         	LD	(HL),L

12AE  74         	LD	(HL),H

12AF  20 20      	JR	NZ,12D1H

12B1  20 20      	JR	NZ,12D3H

12B3  20 20      	JR	NZ,12D5H

12B5  0D         	DEC	C

12B6  0A         	LD	A,(BC)

12B7  00         	NOP

12B8  50         	LD	D,B

12B9  54         	LD	D,H

12BA  52         	LD	D,D

12BB  3A 20 20   	LD	A,(2020H)

12BE  4B         	LD	C,E

12BF  65         	LD	H,L

12C0  79         	LD	A,C

12C1  62         	LD	H,D

12C2  6F         	LD	L,A

12C3  61         	LD	H,C

12C4  72         	LD	(HL),D

12C5  64         	LD	H,H

12C6  20 69      	JR	NZ,1331H

12C8  6E         	LD	L,(HL)

12C9  70         	LD	(HL),B

12CA  75         	LD	(HL),L

12CB  74         	LD	(HL),H

12CC  20 20      	JR	NZ,12EEH

12CE  20 20      	JR	NZ,12F0H

12D0  20 20      	JR	NZ,12F2H

12D2  20 20      	JR	NZ,12F4H

12D4  20 0D      	JR	NZ,12E3H

12D6  0A         	LD	A,(BC)

12D7  00         	NOP

12D8  55         	LD	D,L

12D9  52         	LD	D,D

12DA  31 3A 20   	LD	SP,203AH

12DD  20 55      	JR	NZ,1334H

12DF  73         	LD	(HL),E

12E0  65         	LD	H,L

12E1  72         	LD	(HL),D

12E2  2D         	DEC	L

12E3  64         	LD	H,H

12E4  65         	LD	H,L

12E5  66         	LD	H,(HL)

12E6  69         	LD	L,C

12E7  6E         	LD	L,(HL)

12E8  65         	LD	H,L

12E9  64         	LD	H,H

12EA  20 72      	JR	NZ,135EH

12EC  65         	LD	H,L

12ED  61         	LD	H,C

12EE  64         	LD	H,H

12EF  65         	LD	H,L

12F0  72         	LD	(HL),D

12F1  20 31      	JR	NZ,1324H

12F3  20 20      	JR	NZ,1315H

12F5  0D         	DEC	C

12F6  0A         	LD	A,(BC)

12F7  00         	NOP

12F8  55         	LD	D,L

12F9  52         	LD	D,D

12FA  32 3A 20   	LD	(203AH),A

12FD  20 55      	JR	NZ,1354H

12FF  73         	LD	(HL),E

1300  65         	LD	H,L

1301  72         	LD	(HL),D

1302  2D         	DEC	L

1303  64         	LD	H,H

1304  65         	LD	H,L

1305  66         	LD	H,(HL)

1306  69         	LD	L,C

1307  6E         	LD	L,(HL)

1308  65         	LD	H,L

1309  64         	LD	H,H

130A  20 72      	JR	NZ,137EH

130C  65         	LD	H,L

130D  61         	LD	H,C

130E  64         	LD	H,H

130F  65         	LD	H,L

1310  72         	LD	(HL),D

1311  20 32      	JR	NZ,1345H

1313  20 20      	JR	NZ,1335H

1315  0D         	DEC	C

1316  0A         	LD	A,(BC)

1317  00         	NOP

1318  1A         	LD	A,(DE)

1319  16 15      	LD	D,15H

131B  0D         	DEC	C

131C  0A         	LD	A,(BC)

131D  20 20      	JR	NZ,133FH

131F  20 20      	JR	NZ,1341H

1321  50         	LD	D,B

1322  75         	LD	(HL),L

1323  6E         	LD	L,(HL)

1324  63         	LD	H,E

1325  68         	LD	L,B

1326  20 28      	JR	NZ,1350H

1328  50         	LD	D,B

1329  55         	LD	D,L

132A  4E         	LD	C,(HL)

132B  3A 29 20   	LD	A,(2029H)

132E  64         	LD	H,H

132F  65         	LD	H,L

1330  76         	HALT

1331  69         	LD	L,C

1332  63         	LD	H,E

1333  65         	LD	H,L

1334  20 63      	JR	NZ,1399H

1336  68         	LD	L,B

1337  6F         	LD	L,A

1338  69         	LD	L,C

1339  63         	LD	H,E

133A  65         	LD	H,L

133B  73         	LD	(HL),E

133C  15         	DEC	D

133D  0D         	DEC	C

133E  0A         	LD	A,(BC)

133F  15         	DEC	D

1340  0D         	DEC	C

1341  0A         	LD	A,(BC)

1342  16 0A      	LD	D,0AH

1344  0A         	LD	A,(BC)

1345  00         	NOP

1346  04         	INC	B

1347  01 54 54   	LD	BC,5454H

134A  59         	LD	E,C

134B  3A 20 20   	LD	A,(2020H)

134E  53         	LD	D,E

134F  65         	LD	H,L

1350  72         	LD	(HL),D

1351  69         	LD	L,C

1352  61         	LD	H,C

1353  6C         	LD	L,H

1354  20 70      	JR	NZ,13C6H

1356  6F         	LD	L,A

1357  72         	LD	(HL),D

1358  74         	LD	(HL),H

1359  20 6F      	JR	NZ,13CAH

135B  75         	LD	(HL),L

135C  74         	LD	(HL),H

135D  70         	LD	(HL),B

135E  75         	LD	(HL),L

135F  74         	LD	(HL),H

1360  20 20      	JR	NZ,1382H

1362  20 20      	JR	NZ,1384H

1364  20 0D      	JR	NZ,1373H

1366  0A         	LD	A,(BC)

1367  00         	NOP

1368  50         	LD	D,B

1369  54         	LD	D,H

136A  50         	LD	D,B

136B  3A 20 20   	LD	A,(2020H)

136E  56         	LD	D,(HL)

136F  69         	LD	L,C

1370  64         	LD	H,H

1371  65         	LD	H,L

1372  6F         	LD	L,A

1373  20 64      	JR	NZ,13D9H

1375  69         	LD	L,C

1376  73         	LD	(HL),E

1377  70         	LD	(HL),B

1378  6C         	LD	L,H

1379  61         	LD	H,C

137A  79         	LD	A,C

137B  20 6F      	JR	NZ,13ECH

137D  75         	LD	(HL),L

137E  74         	LD	(HL),H

137F  70         	LD	(HL),B

1380  75         	LD	(HL),L

1381  74         	LD	(HL),H

1382  20 20      	JR	NZ,13A4H

1384  20 0D      	JR	NZ,1393H

1386  0A         	LD	A,(BC)

1387  00         	NOP

1388  55         	LD	D,L

1389  50         	LD	D,B

138A  31 3A 20   	LD	SP,203AH

138D  20 55      	JR	NZ,13E4H

138F  73         	LD	(HL),E

1390  65         	LD	H,L

1391  72         	LD	(HL),D

1392  2D         	DEC	L

1393  64         	LD	H,H

1394  65         	LD	H,L

1395  66         	LD	H,(HL)

1396  69         	LD	L,C

1397  6E         	LD	L,(HL)

1398  65         	LD	H,L

1399  64         	LD	H,H

139A  20 70      	JR	NZ,140CH

139C  75         	LD	(HL),L

139D  6E         	LD	L,(HL)

139E  63         	LD	H,E

139F  68         	LD	L,B

13A0  20 31      	JR	NZ,13D3H

13A2  20 20      	JR	NZ,13C4H

13A4  20 0D      	JR	NZ,13B3H

13A6  0A         	LD	A,(BC)

13A7  00         	NOP

13A8  55         	LD	D,L

13A9  50         	LD	D,B

13AA  32 3A 20   	LD	(203AH),A

13AD  20 55      	JR	NZ,1404H

13AF  73         	LD	(HL),E

13B0  65         	LD	H,L

13B1  72         	LD	(HL),D

13B2  2D         	DEC	L

13B3  64         	LD	H,H

13B4  65         	LD	H,L

13B5  66         	LD	H,(HL)

13B6  69         	LD	L,C

13B7  6E         	LD	L,(HL)

13B8  65         	LD	H,L

13B9  64         	LD	H,H

13BA  20 70      	JR	NZ,142CH

13BC  75         	LD	(HL),L

13BD  6E         	LD	L,(HL)

13BE  63         	LD	H,E

13BF  68         	LD	L,B

13C0  20 32      	JR	NZ,13F4H

13C2  20 20      	JR	NZ,13E4H

13C4  20 0D      	JR	NZ,13D3H

13C6  0A         	LD	A,(BC)

13C7  00         	NOP

13C8  1A         	LD	A,(DE)

13C9  16 15      	LD	D,15H

13CB  0D         	DEC	C

13CC  0A         	LD	A,(BC)

13CD  20 20      	JR	NZ,13EFH

13CF  20 20      	JR	NZ,13F1H

13D1  4C         	LD	C,H

13D2  69         	LD	L,C

13D3  73         	LD	(HL),E

13D4  74         	LD	(HL),H

13D5  20 28      	JR	NZ,13FFH

13D7  4C         	LD	C,H

13D8  53         	LD	D,E

13D9  54         	LD	D,H

13DA  3A 29 20   	LD	A,(2029H)

13DD  64         	LD	H,H

13DE  65         	LD	H,L

13DF  76         	HALT

13E0  69         	LD	L,C

13E1  63         	LD	H,E

13E2  65         	LD	H,L

13E3  20 63      	JR	NZ,1448H

13E5  68         	LD	L,B

13E6  6F         	LD	L,A

13E7  69         	LD	L,C

13E8  63         	LD	H,E

13E9  65         	LD	H,L

13EA  73         	LD	(HL),E

13EB  15         	DEC	D

13EC  0D         	DEC	C

13ED  0A         	LD	A,(BC)

13EE  15         	DEC	D

13EF  0D         	DEC	C

13F0  0A         	LD	A,(BC)

13F1  16 0A      	LD	D,0AH

13F3  0A         	LD	A,(BC)

13F4  00         	NOP

13F5  04         	INC	B

13F6  03         	INC	BC

13F7  54         	LD	D,H

13F8  54         	LD	D,H

13F9  59         	LD	E,C

13FA  3A 20 20   	LD	A,(2020H)

13FD  53         	LD	D,E

13FE  65         	LD	H,L

13FF  72         	LD	(HL),D

1400  69         	LD	L,C

1401  61         	LD	H,C

1402  6C         	LD	L,H

1403  20 70      	JR	NZ,1475H

1405  6F         	LD	L,A

1406  72         	LD	(HL),D

1407  74         	LD	(HL),H

1408  20 6F      	JR	NZ,1479H

140A  75         	LD	(HL),L

140B  74         	LD	(HL),H

140C  70         	LD	(HL),B

140D  75         	LD	(HL),L

140E  74         	LD	(HL),H

140F  20 20      	JR	NZ,1431H

1411  20 20      	JR	NZ,1433H

1413  20 0D      	JR	NZ,1422H

1415  0A         	LD	A,(BC)

1416  00         	NOP

1417  43         	LD	B,E

1418  52         	LD	D,D

1419  54         	LD	D,H

141A  3A 20 20   	LD	A,(2020H)

141D  56         	LD	D,(HL)

141E  69         	LD	L,C

141F  64         	LD	H,H

1420  65         	LD	H,L

1421  6F         	LD	L,A

1422  20 6F      	JR	NZ,1493H

1424  75         	LD	(HL),L

1425  74         	LD	(HL),H

1426  70         	LD	(HL),B

1427  75         	LD	(HL),L

1428  74         	LD	(HL),H

1429  20 20      	JR	NZ,144BH

142B  20 20      	JR	NZ,144DH

142D  20 20      	JR	NZ,144FH

142F  20 20      	JR	NZ,1451H

1431  20 20      	JR	NZ,1453H

1433  20 0D      	JR	NZ,1442H

1435  0A         	LD	A,(BC)

1436  00         	NOP

1437  4C         	LD	C,H

1438  50         	LD	D,B

1439  54         	LD	D,H

143A  3A 20 20   	LD	A,(2020H)

143D  50         	LD	D,B

143E  61         	LD	H,C

143F  72         	LD	(HL),D

1440  61         	LD	H,C

1441  6C         	LD	L,H

1442  6C         	LD	L,H

1443  65         	LD	H,L

1444  6C         	LD	L,H

1445  20 70      	JR	NZ,14B7H

1447  6F         	LD	L,A

1448  72         	LD	(HL),D

1449  74         	LD	(HL),H

144A  20 6F      	JR	NZ,14BBH

144C  75         	LD	(HL),L

144D  74         	LD	(HL),H

144E  70         	LD	(HL),B

144F  75         	LD	(HL),L

1450  74         	LD	(HL),H

1451  20 20      	JR	NZ,1473H

1453  20 0D      	JR	NZ,1462H

1455  0A         	LD	A,(BC)

1456  00         	NOP

1457  55         	LD	D,L

1458  4C         	LD	C,H

1459  31 3A 20   	LD	SP,203AH

145C  20 55      	JR	NZ,14B3H

145E  73         	LD	(HL),E

145F  65         	LD	H,L

1460  72         	LD	(HL),D

1461  2D         	DEC	L

1462  64         	LD	H,H

1463  65         	LD	H,L

1464  66         	LD	H,(HL)

1465  69         	LD	L,C

1466  6E         	LD	L,(HL)

1467  65         	LD	H,L

1468  64         	LD	H,H

1469  20 6C      	JR	NZ,14D7H

146B  69         	LD	L,C

146C  73         	LD	(HL),E

146D  74         	LD	(HL),H

146E  20 20      	JR	NZ,1490H

1470  20 20      	JR	NZ,1492H

1472  20 20      	JR	NZ,1494H

1474  0D         	DEC	C

1475  0A         	LD	A,(BC)

1476  00         	NOP

1477  1A         	LD	A,(DE)

1478  16 15      	LD	D,15H

147A  0D         	DEC	C

147B  0A         	LD	A,(BC)

147C  20 20      	JR	NZ,149EH

147E  20 20      	JR	NZ,14A0H

1480  4B         	LD	C,E

1481  65         	LD	H,L

1482  79         	LD	A,C

1483  62         	LD	H,D

1484  6F         	LD	L,A

1485  61         	LD	H,C

1486  72         	LD	(HL),D

1487  64         	LD	H,H

1488  20 64      	JR	NZ,14EEH

148A  65         	LD	H,L

148B  66         	LD	H,(HL)

148C  69         	LD	L,C

148D  6E         	LD	L,(HL)

148E  69         	LD	L,C

148F  74         	LD	(HL),H

1490  69         	LD	L,C

1491  6F         	LD	L,A

1492  6E         	LD	L,(HL)

1493  73         	LD	(HL),E

1494  15         	DEC	D

1495  0D         	DEC	C

1496  0A         	LD	A,(BC)

1497  15         	DEC	D

1498  0D         	DEC	C

1499  0A         	LD	A,(BC)

149A  16 0A      	LD	D,0AH

149C  0A         	LD	A,(BC)

149D  00         	NOP

149E  03         	INC	BC

149F  00         	NOP

14A0  53         	LD	D,E

14A1  74         	LD	(HL),H

14A2  61         	LD	H,C

14A3  6E         	LD	L,(HL)

14A4  64         	LD	H,H

14A5  61         	LD	H,C

14A6  72         	LD	(HL),D

14A7  64         	LD	H,H

14A8  20 6B      	JR	NZ,1515H

14AA  65         	LD	H,L

14AB  79         	LD	A,C

14AC  73         	LD	(HL),E

14AD  3A 20 20   	LD	A,(2020H)

14B0  41         	LD	B,C

14B1  52         	LD	D,D

14B2  52         	LD	D,D

14B3  4F         	LD	C,A

14B4  57         	LD	D,A

14B5  53         	LD	D,E

14B6  2C         	INC	L

14B7  20 42      	JR	NZ,14FBH

14B9  52         	LD	D,D

14BA  45         	LD	B,L

14BB  41         	LD	B,C

14BC  4B         	LD	C,E

14BD  2C         	INC	L

14BE  20 26      	JR	NZ,14E6H

14C0  20 43      	JR	NZ,1505H

14C2  4C         	LD	C,H

14C3  45         	LD	B,L

14C4  41         	LD	B,C

14C5  52         	LD	D,D

14C6  0D         	DEC	C

14C7  0A         	LD	A,(BC)

14C8  00         	NOP

14C9  46         	LD	B,(HL)

14CA  75         	LD	(HL),L

14CB  6E         	LD	L,(HL)

14CC  63         	LD	H,E

14CD  74         	LD	(HL),H

14CE  69         	LD	L,C

14CF  6F         	LD	L,A

14D0  6E         	LD	L,(HL)

14D1  20 6B      	JR	NZ,153EH

14D3  65         	LD	H,L

14D4  79         	LD	A,C

14D5  73         	LD	(HL),E

14D6  3A 20 20   	LD	A,(2020H)

14D9  46         	LD	B,(HL)

14DA  31 2C 20   	LD	SP,202CH

14DD  46         	LD	B,(HL)

14DE  32 2C 20   	LD	(202CH),A

14E1  26 20      	LD	H,20H

14E3  46         	LD	B,(HL)

14E4  33         	INC	SP

14E5  0D         	DEC	C

14E6  0A         	LD	A,(BC)

14E7  00         	NOP

14E8  52         	LD	D,D

14E9  65         	LD	H,L

14EA  70         	LD	(HL),B

14EB  65         	LD	H,L

14EC  61         	LD	H,C

14ED  74         	LD	(HL),H

14EE  20 66      	JR	NZ,1556H

14F0  61         	LD	H,C

14F1  63         	LD	H,E

14F2  74         	LD	(HL),H

14F3  6F         	LD	L,A

14F4  72         	LD	(HL),D

14F5  3A 20 58   	LD	A,(5820H)

14F8  58         	LD	E,B

14F9  58         	LD	E,B

14FA  0D         	DEC	C

14FB  0A         	LD	A,(BC)

14FC  00         	NOP

14FD  1B         	DEC	DE

14FE  3D         	DEC	A

14FF  25         	DEC	H

1500  20 19      	JR	NZ,151BH

1502  20 20      	JR	NZ,1524H

1504  20 20      	JR	NZ,1526H

1506  20 20      	JR	NZ,1528H

1508  55         	LD	D,L

1509  4E         	LD	C,(HL)

150A  53         	LD	D,E

150B  48         	LD	C,B

150C  49         	LD	C,C

150D  46         	LD	B,(HL)

150E  54         	LD	D,H

150F  45         	LD	B,L

1510  44         	LD	B,H

1511  20 1B      	JR	NZ,152EH

1513  3D         	DEC	A

1514  25         	DEC	H

1515  38 20      	JR	C,1537H

1517  20 20      	JR	NZ,1539H

1519  20 20      	JR	NZ,153BH

151B  20 53      	JR	NZ,1570H

151D  48         	LD	C,B

151E  49         	LD	C,C

151F  46         	LD	B,(HL)

1520  54         	LD	D,H

1521  20 20      	JR	NZ,1543H

1523  20 20      	JR	NZ,1545H

1525  20 1B      	JR	NZ,1542H

1527  3D         	DEC	A

1528  25         	DEC	H

1529  58         	LD	E,B

152A  20 20      	JR	NZ,154CH

152C  20 20      	JR	NZ,154EH

152E  20 20      	JR	NZ,1550H

1530  43         	LD	B,E

1531  4F         	LD	C,A

1532  4E         	LD	C,(HL)

1533  54         	LD	D,H

1534  52         	LD	D,D

1535  4F         	LD	C,A

1536  4C         	LD	C,H

1537  20 20      	JR	NZ,1559H

1539  20 0D      	JR	NZ,1548H

153B  0A         	LD	A,(BC)

153C  00         	NOP

153D  12         	LD	(DE),A

153E  00         	NOP

153F  43         	LD	B,E

1540  4C         	LD	C,H

1541  45         	LD	B,L

1542  41         	LD	B,C

1543  52         	LD	D,D

1544  0D         	DEC	C

1545  0A         	LD	A,(BC)

1546  00         	NOP

1547  42         	LD	B,D

1548  52         	LD	D,D

1549  45         	LD	B,L

154A  41         	LD	B,C

154B  4B         	LD	C,E

154C  0D         	DEC	C

154D  0A         	LD	A,(BC)

154E  00         	NOP

154F  55         	LD	D,L

1550  50         	LD	D,B

1551  20 41      	JR	NZ,1594H

1553  52         	LD	D,D

1554  52         	LD	D,D

1555  4F         	LD	C,A

1556  57         	LD	D,A

1557  0D         	DEC	C

1558  0A         	LD	A,(BC)

1559  00         	NOP

155A  44         	LD	B,H

155B  4F         	LD	C,A

155C  57         	LD	D,A

155D  4E         	LD	C,(HL)

155E  20 41      	JR	NZ,15A1H

1560  52         	LD	D,D

1561  52         	LD	D,D

1562  4F         	LD	C,A

1563  57         	LD	D,A

1564  0D         	DEC	C

1565  0A         	LD	A,(BC)

1566  00         	NOP

1567  4C         	LD	C,H

1568  45         	LD	B,L

1569  46         	LD	B,(HL)

156A  54         	LD	D,H

156B  20 41      	JR	NZ,15AEH

156D  52         	LD	D,D

156E  52         	LD	D,D

156F  4F         	LD	C,A

1570  57         	LD	D,A

1571  0D         	DEC	C

1572  0A         	LD	A,(BC)

1573  00         	NOP

1574  52         	LD	D,D

1575  49         	LD	C,C

1576  47         	LD	B,A

1577  48         	LD	C,B

1578  54         	LD	D,H

1579  20 41      	JR	NZ,15BCH

157B  52         	LD	D,D

157C  52         	LD	D,D

157D  4F         	LD	C,A

157E  57         	LD	D,A

157F  1B         	DEC	DE

1580  3D         	DEC	A

1581  26 38      	LD	H,38H

1583  00         	NOP

1584  43         	LD	B,E

1585  4C         	LD	C,H

1586  45         	LD	B,L

1587  41         	LD	B,C

1588  52         	LD	D,D

1589  1B         	DEC	DE

158A  3D         	DEC	A

158B  27         	DAA

158C  38 00      	JR	C,158EH

158E  42         	LD	B,D

158F  52         	LD	D,D

1590  45         	LD	B,L

1591  41         	LD	B,C

1592  4B         	LD	C,E

1593  1B         	DEC	DE

1594  3D         	DEC	A

1595  28 38      	JR	Z,15CFH

1597  00         	NOP

1598  55         	LD	D,L

1599  50         	LD	D,B

159A  20 41      	JR	NZ,15DDH

159C  52         	LD	D,D

159D  52         	LD	D,D

159E  4F         	LD	C,A

159F  57         	LD	D,A

15A0  1B         	DEC	DE

15A1  3D         	DEC	A

15A2  29         	ADD	HL,HL

15A3  38 00      	JR	C,15A5H

15A5  44         	LD	B,H

15A6  4F         	LD	C,A

15A7  57         	LD	D,A

15A8  4E         	LD	C,(HL)

15A9  20 41      	JR	NZ,15ECH

15AB  52         	LD	D,D

15AC  52         	LD	D,D

15AD  4F         	LD	C,A

15AE  57         	LD	D,A

15AF  1B         	DEC	DE

15B0  3D         	DEC	A

15B1  2A 38 00   	LD	HL,(38H)

15B4  4C         	LD	C,H

15B5  45         	LD	B,L

15B6  46         	LD	B,(HL)

15B7  54         	LD	D,H

15B8  20 41      	JR	NZ,15FBH

15BA  52         	LD	D,D

15BB  52         	LD	D,D

15BC  4F         	LD	C,A

15BD  57         	LD	D,A

15BE  1B         	DEC	DE

15BF  3D         	DEC	A

15C0  2B         	DEC	HL

15C1  38 00      	JR	C,15C3H

15C3  52         	LD	D,D

15C4  49         	LD	C,C

15C5  47         	LD	B,A

15C6  48         	LD	C,B

15C7  54         	LD	D,H

15C8  20 41      	JR	NZ,160BH

15CA  52         	LD	D,D

15CB  52         	LD	D,D

15CC  4F         	LD	C,A

15CD  57         	LD	D,A

15CE  1B         	DEC	DE

15CF  3D         	DEC	A

15D0  26 58      	LD	H,58H

15D2  00         	NOP

15D3  43         	LD	B,E

15D4  4C         	LD	C,H

15D5  45         	LD	B,L

15D6  41         	LD	B,C

15D7  52         	LD	D,D

15D8  1B         	DEC	DE

15D9  3D         	DEC	A

15DA  27         	DAA

15DB  58         	LD	E,B

15DC  00         	NOP

15DD  42         	LD	B,D

15DE  52         	LD	D,D

15DF  45         	LD	B,L

15E0  41         	LD	B,C

15E1  4B         	LD	C,E

15E2  1B         	DEC	DE

15E3  3D         	DEC	A

15E4  28 58      	JR	Z,163EH

15E6  00         	NOP

15E7  55         	LD	D,L

15E8  50         	LD	D,B

15E9  20 41      	JR	NZ,162CH

15EB  52         	LD	D,D

15EC  52         	LD	D,D

15ED  4F         	LD	C,A

15EE  57         	LD	D,A

15EF  1B         	DEC	DE

15F0  3D         	DEC	A

15F1  29         	ADD	HL,HL

15F2  58         	LD	E,B

15F3  00         	NOP

15F4  44         	LD	B,H

15F5  4F         	LD	C,A

15F6  57         	LD	D,A

15F7  4E         	LD	C,(HL)

15F8  20 41      	JR	NZ,163BH

15FA  52         	LD	D,D

15FB  52         	LD	D,D

15FC  4F         	LD	C,A

15FD  57         	LD	D,A

15FE  1B         	DEC	DE

15FF  3D         	DEC	A

1600  2A 58 00   	LD	HL,(58H)

1603  4C         	LD	C,H

1604  45         	LD	B,L

1605  46         	LD	B,(HL)

1606  54         	LD	D,H

1607  20 41      	JR	NZ,164AH

1609  52         	LD	D,D

160A  52         	LD	D,D

160B  4F         	LD	C,A

160C  57         	LD	D,A

160D  1B         	DEC	DE

160E  3D         	DEC	A

160F  2B         	DEC	HL

1610  58         	LD	E,B

1611  00         	NOP

1612  52         	LD	D,D

1613  49         	LD	C,C

1614  47         	LD	B,A

1615  48         	LD	C,B

1616  54         	LD	D,H

1617  20 41      	JR	NZ,165AH

1619  52         	LD	D,D

161A  52         	LD	D,D

161B  4F         	LD	C,A

161C  57         	LD	D,A

161D  0D         	DEC	C

161E  0A         	LD	A,(BC)

161F  0A         	LD	A,(BC)

1620  00         	NOP

1621  1B         	DEC	DE

1622  3D         	DEC	A

1623  25         	DEC	H

1624  20 19      	JR	NZ,163FH

1626  20 20      	JR	NZ,1648H

1628  20 20      	JR	NZ,164AH

162A  20 20      	JR	NZ,164CH

162C  55         	LD	D,L

162D  4E         	LD	C,(HL)

162E  53         	LD	D,E

162F  48         	LD	C,B

1630  49         	LD	C,C

1631  46         	LD	B,(HL)

1632  54         	LD	D,H

1633  45         	LD	B,L

1634  44         	LD	B,H

1635  20 1B      	JR	NZ,1652H

1637  3D         	DEC	A

1638  25         	DEC	H

1639  38 20      	JR	C,165BH

163B  20 20      	JR	NZ,165DH

163D  20 20      	JR	NZ,165FH

163F  20 53      	JR	NZ,1694H

1641  48         	LD	C,B

1642  49         	LD	C,C

1643  46         	LD	B,(HL)

1644  54         	LD	D,H

1645  20 20      	JR	NZ,1667H

1647  20 20      	JR	NZ,1669H

1649  20 1B      	JR	NZ,1666H

164B  3D         	DEC	A

164C  25         	DEC	H

164D  58         	LD	E,B

164E  20 20      	JR	NZ,1670H

1650  20 20      	JR	NZ,1672H

1652  20 20      	JR	NZ,1674H

1654  43         	LD	B,E

1655  4F         	LD	C,A

1656  4E         	LD	C,(HL)

1657  54         	LD	D,H

1658  52         	LD	D,D

1659  4F         	LD	C,A

165A  4C         	LD	C,H

165B  20 20      	JR	NZ,167DH

165D  20 0D      	JR	NZ,166CH

165F  0A         	LD	A,(BC)

1660  00         	NOP

1661  09         	ADD	HL,BC

1662  00         	NOP

1663  46         	LD	B,(HL)

1664  31 0D 0A   	LD	SP,0A0DH

1667  00         	NOP

1668  46         	LD	B,(HL)

1669  32 0D 0A   	LD	(0A0DH),A

166C  00         	NOP

166D  46         	LD	B,(HL)

166E  33         	INC	SP

166F  1B         	DEC	DE

1670  3D         	DEC	A

1671  26 38      	LD	H,38H

1673  00         	NOP

1674  46         	LD	B,(HL)

1675  31 1B 3D   	LD	SP,3D1BH

1678  27         	DAA

1679  38 00      	JR	C,167BH

167B  46         	LD	B,(HL)

167C  32 1B 3D   	LD	(3D1BH),A

167F  28 38      	JR	Z,16B9H

1681  00         	NOP

1682  46         	LD	B,(HL)

1683  33         	INC	SP

1684  1B         	DEC	DE

1685  3D         	DEC	A

1686  26 58      	LD	H,58H

1688  00         	NOP

1689  46         	LD	B,(HL)

168A  31 1B 3D   	LD	SP,3D1BH

168D  27         	DAA

168E  58         	LD	E,B

168F  00         	NOP

1690  46         	LD	B,(HL)

1691  32 1B 3D   	LD	(3D1BH),A

1694  28 58      	JR	Z,16EEH

1696  00         	NOP

1697  46         	LD	B,(HL)

1698  33         	INC	SP

1699  0D         	DEC	C

169A  0A         	LD	A,(BC)

169B  0A         	LD	A,(BC)

169C  00         	NOP

169D  0D         	DEC	C

169E  0A         	LD	A,(BC)

169F  45         	LD	B,L

16A0  6E         	LD	L,(HL)

16A1  74         	LD	(HL),H

16A2  65         	LD	H,L

16A3  72         	LD	(HL),D

16A4  20 74      	JR	NZ,171AH

16A6  68         	LD	L,B

16A7  65         	LD	H,L

16A8  20 64      	JR	NZ,170EH

16AA  65         	LD	H,L

16AB  66         	LD	H,(HL)

16AC  69         	LD	L,C

16AD  6E         	LD	L,(HL)

16AE  69         	LD	L,C

16AF  74         	LD	(HL),H

16B0  69         	LD	L,C

16B1  6F         	LD	L,A

16B2  6E         	LD	L,(HL)

16B3  20 75      	JR	NZ,172AH

16B5  73         	LD	(HL),E

16B6  69         	LD	L,C

16B7  6E         	LD	L,(HL)

16B8  67         	LD	H,A

16B9  20 5E      	JR	NZ,1719H

16BB  20 28      	JR	NZ,16E5H

16BD  43         	LD	B,E

16BE  54         	LD	D,H

16BF  52         	LD	D,D

16C0  4C         	LD	C,H

16C1  2F         	CPL

16C2  35         	DEC	(HL)

16C3  29         	ADD	HL,HL

16C4  20 74      	JR	NZ,173AH

16C6  6F         	LD	L,A

16C7  20 69      	JR	NZ,1732H

16C9  6E         	LD	L,(HL)

16CA  64         	LD	H,H

16CB  69         	LD	L,C

16CC  63         	LD	H,E

16CD  61         	LD	H,C

16CE  74         	LD	(HL),H

16CF  65         	LD	H,L

16D0  20 63      	JR	NZ,1735H

16D2  6F         	LD	L,A

16D3  6E         	LD	L,(HL)

16D4  74         	LD	(HL),H

16D5  72         	LD	(HL),D

16D6  6F         	LD	L,A

16D7  6C         	LD	L,H

16D8  2E 0D      	LD	L,0DH

16DA  0A         	LD	A,(BC)

16DB  20 20      	JR	NZ,16FDH

16DD  45         	LD	B,L

16DE  78         	LD	A,B

16DF  61         	LD	H,C

16E0  6D         	LD	L,L

16E1  70         	LD	(HL),B

16E2  6C         	LD	L,H

16E3  65         	LD	H,L

16E4  3A 20 20   	LD	A,(2020H)

16E7  5E         	LD	E,(HL)

16E8  4D         	LD	C,L

16E9  20 69      	JR	NZ,1754H

16EB  73         	LD	(HL),E

16EC  20 45      	JR	NZ,1733H

16EE  4E         	LD	C,(HL)

16EF  54         	LD	D,H

16F0  45         	LD	B,L

16F1  52         	LD	D,D

16F2  2E 0D      	LD	L,0DH

16F4  0A         	LD	A,(BC)

16F5  0A         	LD	A,(BC)

16F6  44         	LD	B,H

16F7  65         	LD	H,L

16F8  66         	LD	H,(HL)

16F9  69         	LD	L,C

16FA  6E         	LD	L,(HL)

16FB  69         	LD	L,C

16FC  74         	LD	(HL),H

16FD  69         	LD	L,C

16FE  6F         	LD	L,A

16FF  6E         	LD	L,(HL)

1700  3A 20 20   	LD	A,(2020H)

1703  00         	NOP

1704  1A         	LD	A,(DE)

1705  16 15      	LD	D,15H

1707  0D         	DEC	C

1708  0A         	LD	A,(BC)

1709  20 20      	JR	NZ,172BH

170B  20 20      	JR	NZ,172DH

170D  56         	LD	D,(HL)

170E  69         	LD	L,C

170F  64         	LD	H,H

1710  65         	LD	H,L

1711  6F         	LD	L,A

1712  20 63      	JR	NZ,1777H

1714  6F         	LD	L,A

1715  6E         	LD	L,(HL)

1716  74         	LD	(HL),H

1717  72         	LD	(HL),D

1718  6F         	LD	L,A

1719  6C         	LD	L,H

171A  20 63      	JR	NZ,177FH

171C  6F         	LD	L,A

171D  64         	LD	H,H

171E  65         	LD	H,L

171F  20 64      	JR	NZ,1785H

1721  65         	LD	H,L

1722  66         	LD	H,(HL)

1723  69         	LD	L,C

1724  6E         	LD	L,(HL)

1725  69         	LD	L,C

1726  74         	LD	(HL),H

1727  69         	LD	L,C

1728  6F         	LD	L,A

1729  6E         	LD	L,(HL)

172A  73         	LD	(HL),E

172B  15         	DEC	D

172C  0D         	DEC	C

172D  0A         	LD	A,(BC)

172E  15         	DEC	D

172F  0D         	DEC	C

1730  0A         	LD	A,(BC)

1731  16 0A      	LD	D,0AH

1733  0A         	LD	A,(BC)

1734  54         	LD	D,H

1735  68         	LD	L,B

1736  65         	LD	H,L

1737  20 66      	JR	NZ,179FH

1739  6F         	LD	L,A

173A  6C         	LD	L,H

173B  6C         	LD	L,H

173C  6F         	LD	L,A

173D  77         	LD	(HL),A

173E  69         	LD	L,C

173F  6E         	LD	L,(HL)

1740  67         	LD	H,A

1741  20 63      	JR	NZ,17A6H

1743  6F         	LD	L,A

1744  64         	LD	H,H

1745  65         	LD	H,L

1746  73         	LD	(HL),E

1747  20 6D      	JR	NZ,17B6H

1749  61         	LD	H,C

174A  79         	LD	A,C

174B  20 62      	JR	NZ,17AFH

174D  65         	LD	H,L

174E  20 64      	JR	NZ,17B4H

1750  65         	LD	H,L

1751  66         	LD	H,(HL)

1752  69         	LD	L,C

1753  6E         	LD	L,(HL)

1754  65         	LD	H,L

1755  64         	LD	H,H

1756  20 61      	JR	NZ,17B9H

1758  73         	LD	(HL),E

1759  20 64      	JR	NZ,17BFH

175B  75         	LD	(HL),L

175C  70         	LD	(HL),B

175D  6C         	LD	L,H

175E  69         	LD	L,C

175F  63         	LD	H,E

1760  61         	LD	H,C

1761  74         	LD	(HL),H

1762  65         	LD	H,L

1763  73         	LD	(HL),E

1764  20 6F      	JR	NZ,17D5H

1766  66         	LD	H,(HL)

1767  20 74      	JR	NZ,17DDH

1769  68         	LD	L,B

176A  65         	LD	H,L

176B  20 65      	JR	NZ,17D2H

176D  78         	LD	A,B

176E  69         	LD	L,C

176F  73         	LD	(HL),E

1770  74         	LD	(HL),H

1771  69         	LD	L,C

1772  6E         	LD	L,(HL)

1773  67         	LD	H,A

1774  20 56      	JR	NZ,17CCH

1776  69         	LD	L,C

1777  64         	LD	H,H

1778  65         	LD	H,L

1779  6F         	LD	L,A

177A  20 63      	JR	NZ,17DFH

177C  6F         	LD	L,A

177D  6E         	LD	L,(HL)

177E  74         	LD	(HL),H

177F  72         	LD	(HL),D

1780  6F         	LD	L,A

1781  6C         	LD	L,H

1782  0D         	DEC	C

1783  0A         	LD	A,(BC)

1784  63         	LD	H,E

1785  6F         	LD	L,A

1786  64         	LD	H,H

1787  65         	LD	H,L

1788  73         	LD	(HL),E

1789  3A 0D 0A   	LD	A,(0A0DH)

178C  0A         	LD	A,(BC)

178D  00         	NOP

178E  0E 00      	LD	C,0H

1790  43         	LD	B,E

1791  6F         	LD	L,A

1792  64         	LD	H,H

1793  65         	LD	H,L

1794  20 20      	JR	NZ,17B6H

1796  31 20 3D   	LD	SP,3D20H

1799  20 30      	JR	NZ,17CBH

179B  31 48 20   	LD	SP,2048H

179E  6F         	LD	L,A

179F  72         	LD	(HL),D

17A0  20 5E      	JR	NZ,1800H

17A2  41         	LD	B,C

17A3  0D         	DEC	C

17A4  0A         	LD	A,(BC)

17A5  00         	NOP

17A6  43         	LD	B,E

17A7  6F         	LD	L,A

17A8  64         	LD	H,H

17A9  65         	LD	H,L

17AA  20 20      	JR	NZ,17CCH

17AC  32 20 3D   	LD	(3D20H),A

17AF  20 30      	JR	NZ,17E1H

17B1  32 48 20   	LD	(2048H),A

17B4  6F         	LD	L,A

17B5  72         	LD	(HL),D

17B6  20 5E      	JR	NZ,1816H

17B8  42         	LD	B,D

17B9  0D         	DEC	C

17BA  0A         	LD	A,(BC)

17BB  00         	NOP

17BC  43         	LD	B,E

17BD  6F         	LD	L,A

17BE  64         	LD	H,H

17BF  65         	LD	H,L

17C0  20 20      	JR	NZ,17E2H

17C2  33         	INC	SP

17C3  20 3D      	JR	NZ,1802H

17C5  20 30      	JR	NZ,17F7H

17C7  33         	INC	SP

17C8  48         	LD	C,B

17C9  20 6F      	JR	NZ,183AH

17CB  72         	LD	(HL),D

17CC  20 5E      	JR	NZ,182CH

17CE  43         	LD	B,E

17CF  0D         	DEC	C

17D0  0A         	LD	A,(BC)

17D1  00         	NOP

17D2  43         	LD	B,E

17D3  6F         	LD	L,A

17D4  64         	LD	H,H

17D5  65         	LD	H,L

17D6  20 20      	JR	NZ,17F8H

17D8  34         	INC	(HL)

17D9  20 3D      	JR	NZ,1818H

17DB  20 30      	JR	NZ,180DH

17DD  34         	INC	(HL)

17DE  48         	LD	C,B

17DF  20 6F      	JR	NZ,1850H

17E1  72         	LD	(HL),D

17E2  20 5E      	JR	NZ,1842H

17E4  44         	LD	B,H

17E5  0D         	DEC	C

17E6  0A         	LD	A,(BC)

17E7  00         	NOP

17E8  43         	LD	B,E

17E9  6F         	LD	L,A

17EA  64         	LD	H,H

17EB  65         	LD	H,L

17EC  20 20      	JR	NZ,180EH

17EE  35         	DEC	(HL)

17EF  20 3D      	JR	NZ,182EH

17F1  20 30      	JR	NZ,1823H

17F3  35         	DEC	(HL)

17F4  48         	LD	C,B

17F5  20 6F      	JR	NZ,1866H

17F7  72         	LD	(HL),D

17F8  20 5E      	JR	NZ,1858H

17FA  45         	LD	B,L

17FB  0D         	DEC	C

17FC  0A         	LD	A,(BC)

17FD  00         	NOP

17FE  43         	LD	B,E

17FF  6F         	LD	L,A

1800  64         	LD	H,H

1801  65         	LD	H,L

1802  20 20      	JR	NZ,1824H

1804  36 20      	LD	(HL),20H

1806  3D         	DEC	A

1807  20 30      	JR	NZ,1839H

1809  36 48      	LD	(HL),48H

180B  20 6F      	JR	NZ,187CH

180D  72         	LD	(HL),D

180E  20 5E      	JR	NZ,186EH

1810  46         	LD	B,(HL)

1811  0D         	DEC	C

1812  0A         	LD	A,(BC)

1813  00         	NOP

1814  43         	LD	B,E

1815  6F         	LD	L,A

1816  64         	LD	H,H

1817  65         	LD	H,L

1818  20 31      	JR	NZ,184BH

181A  36 20      	LD	(HL),20H

181C  3D         	DEC	A

181D  20 31      	JR	NZ,1850H

181F  30 48      	JR	NC,1869H

1821  20 6F      	JR	NZ,1892H

1823  72         	LD	(HL),D

1824  20 5E      	JR	NZ,1884H

1826  50         	LD	D,B

1827  1B         	DEC	DE

1828  3D         	DEC	A

1829  28 48      	JR	Z,1873H

182B  00         	NOP

182C  43         	LD	B,E

182D  6F         	LD	L,A

182E  64         	LD	H,H

182F  65         	LD	H,L

1830  20 31      	JR	NZ,1863H

1832  37         	SCF

1833  20 3D      	JR	NZ,1872H

1835  20 31      	JR	NZ,1868H

1837  31 48 20   	LD	SP,2048H

183A  6F         	LD	L,A

183B  72         	LD	(HL),D

183C  20 5E      	JR	NZ,189CH

183E  51         	LD	D,C

183F  1B         	DEC	DE

1840  3D         	DEC	A

1841  29         	ADD	HL,HL

1842  48         	LD	C,B

1843  00         	NOP

1844  43         	LD	B,E

1845  6F         	LD	L,A

1846  64         	LD	H,H

1847  65         	LD	H,L

1848  20 31      	JR	NZ,187BH

184A  38 20      	JR	C,186CH

184C  3D         	DEC	A

184D  20 31      	JR	NZ,1880H

184F  32 48 20   	LD	(2048H),A

1852  6F         	LD	L,A

1853  72         	LD	(HL),D

1854  20 5E      	JR	NZ,18B4H

1856  52         	LD	D,D

1857  1B         	DEC	DE

1858  3D         	DEC	A

1859  2A 48 00   	LD	HL,(48H)

185C  43         	LD	B,E

185D  6F         	LD	L,A

185E  64         	LD	H,H

185F  65         	LD	H,L

1860  20 31      	JR	NZ,1893H

1862  39         	ADD	HL,SP

1863  20 3D      	JR	NZ,18A2H

1865  20 31      	JR	NZ,1898H

1867  33         	INC	SP

1868  48         	LD	C,B

1869  20 6F      	JR	NZ,18DAH

186B  72         	LD	(HL),D

186C  20 5E      	JR	NZ,18CCH

186E  53         	LD	D,E

186F  1B         	DEC	DE

1870  3D         	DEC	A

1871  2B         	DEC	HL

1872  48         	LD	C,B

1873  00         	NOP

1874  43         	LD	B,E

1875  6F         	LD	L,A

1876  64         	LD	H,H

1877  65         	LD	H,L

1878  20 32      	JR	NZ,18ACH

187A  30 20      	JR	NC,189CH

187C  3D         	DEC	A

187D  20 31      	JR	NZ,18B0H

187F  34         	INC	(HL)

1880  48         	LD	C,B

1881  20 6F      	JR	NZ,18F2H

1883  72         	LD	(HL),D

1884  20 5E      	JR	NZ,18E4H

1886  54         	LD	D,H

1887  1B         	DEC	DE

1888  3D         	DEC	A

1889  2C         	INC	L

188A  48         	LD	C,B

188B  00         	NOP

188C  43         	LD	B,E

188D  6F         	LD	L,A

188E  64         	LD	H,H

188F  65         	LD	H,L

1890  20 32      	JR	NZ,18C4H

1892  33         	INC	SP

1893  20 3D      	JR	NZ,18D2H

1895  20 31      	JR	NZ,18C8H

1897  37         	SCF

1898  48         	LD	C,B

1899  20 6F      	JR	NZ,190AH

189B  72         	LD	(HL),D

189C  20 5E      	JR	NZ,18FCH

189E  57         	LD	D,A

189F  1B         	DEC	DE

18A0  3D         	DEC	A

18A1  2D         	DEC	L

18A2  48         	LD	C,B

18A3  00         	NOP

18A4  43         	LD	B,E

18A5  6F         	LD	L,A

18A6  64         	LD	H,H

18A7  65         	LD	H,L

18A8  20 32      	JR	NZ,18DCH

18AA  34         	INC	(HL)

18AB  20 3D      	JR	NZ,18EAH

18AD  20 31      	JR	NZ,18E0H

18AF  38 48      	JR	C,18F9H

18B1  20 6F      	JR	NZ,1922H

18B3  72         	LD	(HL),D

18B4  20 5E      	JR	NZ,1914H

18B6  58         	LD	E,B

18B7  1B         	DEC	DE

18B8  3D         	DEC	A

18B9  2E 48      	LD	L,48H

18BB  00         	NOP

18BC  43         	LD	B,E

18BD  6F         	LD	L,A

18BE  64         	LD	H,H

18BF  65         	LD	H,L

18C0  20 33      	JR	NZ,18F5H

18C2  31 20 3D   	LD	SP,3D20H

18C5  20 31      	JR	NZ,18F8H

18C7  46         	LD	B,(HL)

18C8  48         	LD	C,B

18C9  0D         	DEC	C

18CA  0A         	LD	A,(BC)

18CB  0A         	LD	A,(BC)

18CC  00         	NOP

18CD  1B         	DEC	DE

18CE  3D         	DEC	A

18CF  25         	DEC	H

18D0  20 19      	JR	NZ,18EBH

18D2  41         	LD	B,C

18D3  73         	LD	(HL),E

18D4  73         	LD	(HL),E

18D5  69         	LD	L,C

18D6  67         	LD	H,A

18D7  6E         	LD	L,(HL)

18D8  20 43      	JR	NZ,191DH

18DA  6F         	LD	L,A

18DB  64         	LD	H,H

18DC  65         	LD	H,L

18DD  20 78      	JR	NZ,1957H

18DF  78         	LD	A,B

18E0  20 74      	JR	NZ,1956H

18E2  6F         	LD	L,A

18E3  20 77      	JR	NZ,195CH

18E5  68         	LD	L,B

18E6  69         	LD	L,C

18E7  63         	LD	H,E

18E8  68         	LD	L,B

18E9  20 6F      	JR	NZ,195AH

18EB  66         	LD	H,(HL)

18EC  20 74      	JR	NZ,1962H

18EE  68         	LD	L,B

18EF  65         	LD	H,L

18F0  73         	LD	(HL),E

18F1  65         	LD	H,L

18F2  20 66      	JR	NZ,195AH

18F4  75         	LD	(HL),L

18F5  6E         	LD	L,(HL)

18F6  63         	LD	H,E

18F7  74         	LD	(HL),H

18F8  69         	LD	L,C

18F9  6F         	LD	L,A

18FA  6E         	LD	L,(HL)

18FB  73         	LD	(HL),E

18FC  3F         	CCF

18FD  0D         	DEC	C

18FE  0A         	LD	A,(BC)

18FF  0A         	LD	A,(BC)

1900  00         	NOP

1901  11 00 53   	LD	DE,5300H

1904  6F         	LD	L,A

1905  75         	LD	(HL),L

1906  6E         	LD	L,(HL)

1907  64         	LD	H,H

1908  20 74      	JR	NZ,197EH

190A  68         	LD	L,B

190B  65         	LD	H,L

190C  20 63      	JR	NZ,1971H

190E  6F         	LD	L,A

190F  6E         	LD	L,(HL)

1910  73         	LD	(HL),E

1911  6F         	LD	L,A

1912  6C         	LD	L,H

1913  65         	LD	H,L

1914  20 62      	JR	NZ,1978H

1916  65         	LD	H,L

1917  65         	LD	H,L

1918  70         	LD	(HL),B

1919  65         	LD	H,L

191A  72         	LD	(HL),D

191B  0D         	DEC	C

191C  0A         	LD	A,(BC)

191D  00         	NOP

191E  4D         	LD	C,L

191F  6F         	LD	L,A

1920  76         	HALT

1921  65         	LD	H,L

1922  20 63      	JR	NZ,1987H

1924  75         	LD	(HL),L

1925  72         	LD	(HL),D

1926  73         	LD	(HL),E

1927  6F         	LD	L,A

1928  72         	LD	(HL),D

1929  20 6C      	JR	NZ,1997H

192B  65         	LD	H,L

192C  66         	LD	H,(HL)

192D  74         	LD	(HL),H

192E  20 28      	JR	NZ,1958H

1930  42         	LD	B,D

1931  61         	LD	H,C

1932  63         	LD	H,E

1933  6B         	LD	L,E

1934  73         	LD	(HL),E

1935  70         	LD	(HL),B

1936  61         	LD	H,C

1937  63         	LD	H,E

1938  65         	LD	H,L

1939  29         	ADD	HL,HL

193A  0D         	DEC	C

193B  0A         	LD	A,(BC)

193C  00         	NOP

193D  4D         	LD	C,L

193E  6F         	LD	L,A

193F  76         	HALT

1940  65         	LD	H,L

1941  20 63      	JR	NZ,19A6H

1943  75         	LD	(HL),L

1944  72         	LD	(HL),D

1945  73         	LD	(HL),E

1946  6F         	LD	L,A

1947  72         	LD	(HL),D

1948  20 74      	JR	NZ,19BEH

194A  6F         	LD	L,A

194B  20 6E      	JR	NZ,19BBH

194D  65         	LD	H,L

194E  78         	LD	A,B

194F  74         	LD	(HL),H

1950  20 74      	JR	NZ,19C6H

1952  61         	LD	H,C

1953  62         	LD	H,D

1954  20 70      	JR	NZ,19C6H

1956  6F         	LD	L,A

1957  73         	LD	(HL),E

1958  69         	LD	L,C

1959  74         	LD	(HL),H

195A  69         	LD	L,C

195B  6F         	LD	L,A

195C  6E         	LD	L,(HL)

195D  0D         	DEC	C

195E  0A         	LD	A,(BC)

195F  00         	NOP

1960  4D         	LD	C,L

1961  6F         	LD	L,A

1962  76         	HALT

1963  65         	LD	H,L

1964  20 63      	JR	NZ,19C9H

1966  75         	LD	(HL),L

1967  72         	LD	(HL),D

1968  73         	LD	(HL),E

1969  6F         	LD	L,A

196A  72         	LD	(HL),D

196B  20 64      	JR	NZ,19D1H

196D  6F         	LD	L,A

196E  77         	LD	(HL),A

196F  6E         	LD	L,(HL)

1970  20 28      	JR	NZ,199AH

1972  4C         	LD	C,H

1973  69         	LD	L,C

1974  6E         	LD	L,(HL)

1975  65         	LD	H,L

1976  66         	LD	H,(HL)

1977  65         	LD	H,L

1978  65         	LD	H,L

1979  64         	LD	H,H

197A  29         	ADD	HL,HL

197B  0D         	DEC	C

197C  0A         	LD	A,(BC)

197D  00         	NOP

197E  4D         	LD	C,L

197F  6F         	LD	L,A

1980  76         	HALT

1981  65         	LD	H,L

1982  20 63      	JR	NZ,19E7H

1984  75         	LD	(HL),L

1985  72         	LD	(HL),D

1986  73         	LD	(HL),E

1987  6F         	LD	L,A

1988  72         	LD	(HL),D

1989  20 75      	JR	NZ,1A00H

198B  70         	LD	(HL),B

198C  20 28      	JR	NZ,19B6H

198E  56         	LD	D,(HL)

198F  65         	LD	H,L

1990  72         	LD	(HL),D

1991  74         	LD	(HL),H

1992  69         	LD	L,C

1993  63         	LD	H,E

1994  61         	LD	H,C

1995  6C         	LD	L,H

1996  20 74      	JR	NZ,1A0CH

1998  61         	LD	H,C

1999  62         	LD	H,D

199A  29         	ADD	HL,HL

199B  0D         	DEC	C

199C  0A         	LD	A,(BC)

199D  00         	NOP

199E  4D         	LD	C,L

199F  6F         	LD	L,A

19A0  76         	HALT

19A1  65         	LD	H,L

19A2  20 63      	JR	NZ,1A07H

19A4  75         	LD	(HL),L

19A5  72         	LD	(HL),D

19A6  73         	LD	(HL),E

19A7  6F         	LD	L,A

19A8  72         	LD	(HL),D

19A9  20 72      	JR	NZ,1A1DH

19AB  69         	LD	L,C

19AC  67         	LD	H,A

19AD  68         	LD	L,B

19AE  74         	LD	(HL),H

19AF  20 28      	JR	NZ,19D9H

19B1  46         	LD	B,(HL)

19B2  6F         	LD	L,A

19B3  72         	LD	(HL),D

19B4  6D         	LD	L,L

19B5  66         	LD	H,(HL)

19B6  65         	LD	H,L

19B7  65         	LD	H,L

19B8  64         	LD	H,H

19B9  29         	ADD	HL,HL

19BA  0D         	DEC	C

19BB  0A         	LD	A,(BC)

19BC  00         	NOP

19BD  52         	LD	D,D

19BE  65         	LD	H,L

19BF  74         	LD	(HL),H

19C0  75         	LD	(HL),L

19C1  72         	LD	(HL),D

19C2  6E         	LD	L,(HL)

19C3  20 63      	JR	NZ,1A28H

19C5  75         	LD	(HL),L

19C6  72         	LD	(HL),D

19C7  73         	LD	(HL),E

19C8  6F         	LD	L,A

19C9  72         	LD	(HL),D

19CA  20 28      	JR	NZ,19F4H

19CC  43         	LD	B,E

19CD  61         	LD	H,C

19CE  72         	LD	(HL),D

19CF  72         	LD	(HL),D

19D0  69         	LD	L,C

19D1  61         	LD	H,C

19D2  67         	LD	H,A

19D3  65         	LD	H,L

19D4  20 72      	JR	NZ,1A48H

19D6  65         	LD	H,L

19D7  74         	LD	(HL),H

19D8  75         	LD	(HL),L

19D9  72         	LD	(HL),D

19DA  6E         	LD	L,(HL)

19DB  29         	ADD	HL,HL

19DC  0D         	DEC	C

19DD  0A         	LD	A,(BC)

19DE  00         	NOP

19DF  54         	LD	D,H

19E0  75         	LD	(HL),L

19E1  72         	LD	(HL),D

19E2  6E         	LD	L,(HL)

19E3  20 72      	JR	NZ,1A57H

19E5  65         	LD	H,L

19E6  76         	HALT

19E7  65         	LD	H,L

19E8  72         	LD	(HL),D

19E9  73         	LD	(HL),E

19EA  65         	LD	H,L

19EB  20 76      	JR	NZ,1A63H

19ED  69         	LD	L,C

19EE  64         	LD	H,H

19EF  65         	LD	H,L

19F0  6F         	LD	L,A

19F1  20 4F      	JR	NZ,1A42H

19F3  46         	LD	B,(HL)

19F4  46         	LD	B,(HL)

19F5  0D         	DEC	C

19F6  0A         	LD	A,(BC)

19F7  00         	NOP

19F8  54         	LD	D,H

19F9  75         	LD	(HL),L

19FA  72         	LD	(HL),D

19FB  6E         	LD	L,(HL)

19FC  20 72      	JR	NZ,1A70H

19FE  65         	LD	H,L

19FF  76         	HALT

1A00  65         	LD	H,L

1A01  72         	LD	(HL),D

1A02  73         	LD	(HL),E

1A03  65         	LD	H,L

1A04  20 76      	JR	NZ,1A7CH

1A06  69         	LD	L,C

1A07  64         	LD	H,H

1A08  65         	LD	H,L

1A09  6F         	LD	L,A

1A0A  20 4F      	JR	NZ,1A5BH

1A0C  4E         	LD	C,(HL)

1A0D  1B         	DEC	DE

1A0E  3D         	DEC	A

1A0F  27         	DAA

1A10  48         	LD	C,B

1A11  00         	NOP

1A12  45         	LD	B,L

1A13  72         	LD	(HL),D

1A14  61         	LD	H,C

1A15  73         	LD	(HL),E

1A16  65         	LD	H,L

1A17  20 74      	JR	NZ,1A8DH

1A19  6F         	LD	L,A

1A1A  20 65      	JR	NZ,1A81H

1A1C  6E         	LD	L,(HL)

1A1D  64         	LD	H,H

1A1E  20 6F      	JR	NZ,1A8FH

1A20  66         	LD	H,(HL)

1A21  20 6C      	JR	NZ,1A8FH

1A23  69         	LD	L,C

1A24  6E         	LD	L,(HL)

1A25  65         	LD	H,L

1A26  1B         	DEC	DE

1A27  3D         	DEC	A

1A28  28 48      	JR	Z,1A72H

1A2A  00         	NOP

1A2B  54         	LD	D,H

1A2C  6F         	LD	L,A

1A2D  67         	LD	H,A

1A2E  67         	LD	H,A

1A2F  6C         	LD	L,H

1A30  65         	LD	H,L

1A31  20 69      	JR	NZ,1A9CH

1A33  6E         	LD	L,(HL)

1A34  76         	HALT

1A35  65         	LD	H,L

1A36  72         	LD	(HL),D

1A37  73         	LD	(HL),E

1A38  65         	LD	H,L

1A39  20 76      	JR	NZ,1AB1H

1A3B  69         	LD	L,C

1A3C  64         	LD	H,H

1A3D  65         	LD	H,L

1A3E  6F         	LD	L,A

1A3F  20 6F      	JR	NZ,1AB0H

1A41  6E         	LD	L,(HL)

1A42  2F         	CPL

1A43  6F         	LD	L,A

1A44  66         	LD	H,(HL)

1A45  66         	LD	H,(HL)

1A46  1B         	DEC	DE

1A47  3D         	DEC	A

1A48  29         	ADD	HL,HL

1A49  48         	LD	C,B

1A4A  00         	NOP

1A4B  45         	LD	B,L

1A4C  72         	LD	(HL),D

1A4D  61         	LD	H,C

1A4E  73         	LD	(HL),E

1A4F  65         	LD	H,L

1A50  20 74      	JR	NZ,1AC6H

1A52  6F         	LD	L,A

1A53  20 65      	JR	NZ,1ABAH

1A55  6E         	LD	L,(HL)

1A56  64         	LD	H,H

1A57  20 6F      	JR	NZ,1AC8H

1A59  66         	LD	H,(HL)

1A5A  20 73      	JR	NZ,1ACFH

1A5C  63         	LD	H,E

1A5D  72         	LD	(HL),D

1A5E  65         	LD	H,L

1A5F  65         	LD	H,L

1A60  6E         	LD	L,(HL)

1A61  1B         	DEC	DE

1A62  3D         	DEC	A

1A63  2A 48 00   	LD	HL,(48H)

1A66  48         	LD	C,B

1A67  6F         	LD	L,A

1A68  6D         	LD	L,L

1A69  65         	LD	H,L

1A6A  20 63      	JR	NZ,1ACFH

1A6C  75         	LD	(HL),L

1A6D  72         	LD	(HL),D

1A6E  73         	LD	(HL),E

1A6F  6F         	LD	L,A

1A70  72         	LD	(HL),D

1A71  20 26      	JR	NZ,1A99H

1A73  20 63      	JR	NZ,1AD8H

1A75  6C         	LD	L,H

1A76  65         	LD	H,L

1A77  61         	LD	H,C

1A78  72         	LD	(HL),D

1A79  20 73      	JR	NZ,1AEEH

1A7B  63         	LD	H,E

1A7C  72         	LD	(HL),D

1A7D  65         	LD	H,L

1A7E  65         	LD	H,L

1A7F  6E         	LD	L,(HL)

1A80  1B         	DEC	DE

1A81  3D         	DEC	A

1A82  2B         	DEC	HL

1A83  48         	LD	C,B

1A84  00         	NOP

1A85  42         	LD	B,D

1A86  65         	LD	H,L

1A87  67         	LD	H,A

1A88  69         	LD	L,C

1A89  6E         	LD	L,(HL)

1A8A  20 45      	JR	NZ,1AD1H

1A8C  53         	LD	D,E

1A8D  43         	LD	B,E

1A8E  61         	LD	H,C

1A8F  70         	LD	(HL),B

1A90  65         	LD	H,L

1A91  20 73      	JR	NZ,1B06H

1A93  65         	LD	H,L

1A94  71         	LD	(HL),C

1A95  75         	LD	(HL),L

1A96  65         	LD	H,L

1A97  6E         	LD	L,(HL)

1A98  63         	LD	H,E

1A99  65         	LD	H,L

1A9A  1B         	DEC	DE

1A9B  3D         	DEC	A

1A9C  2C         	INC	L

1A9D  48         	LD	C,B

1A9E  00         	NOP

1A9F  49         	LD	C,C

1AA0  6E         	LD	L,(HL)

1AA1  73         	LD	(HL),E

1AA2  65         	LD	H,L

1AA3  72         	LD	(HL),D

1AA4  74         	LD	(HL),H

1AA5  20 62      	JR	NZ,1B09H

1AA7  6C         	LD	L,H

1AA8  61         	LD	H,C

1AA9  6E         	LD	L,(HL)

1AAA  6B         	LD	L,E

1AAB  20 6C      	JR	NZ,1B19H

1AAD  69         	LD	L,C

1AAE  6E         	LD	L,(HL)

1AAF  65         	LD	H,L

1AB0  20 61      	JR	NZ,1B13H

1AB2  74         	LD	(HL),H

1AB3  20 63      	JR	NZ,1B18H

1AB5  75         	LD	(HL),L

1AB6  72         	LD	(HL),D

1AB7  73         	LD	(HL),E

1AB8  6F         	LD	L,A

1AB9  72         	LD	(HL),D

1ABA  1B         	DEC	DE

1ABB  3D         	DEC	A

1ABC  2D         	DEC	L

1ABD  48         	LD	C,B

1ABE  00         	NOP

1ABF  44         	LD	B,H

1AC0  65         	LD	H,L

1AC1  6C         	LD	L,H

1AC2  65         	LD	H,L

1AC3  74         	LD	(HL),H

1AC4  65         	LD	H,L

1AC5  20 6C      	JR	NZ,1B33H

1AC7  69         	LD	L,C

1AC8  6E         	LD	L,(HL)

1AC9  65         	LD	H,L

1ACA  20 61      	JR	NZ,1B2DH

1ACC  74         	LD	(HL),H

1ACD  20 63      	JR	NZ,1B32H

1ACF  75         	LD	(HL),L

1AD0  72         	LD	(HL),D

1AD1  73         	LD	(HL),E

1AD2  6F         	LD	L,A

1AD3  72         	LD	(HL),D

1AD4  1B         	DEC	DE

1AD5  3D         	DEC	A

1AD6  2E 48      	LD	L,48H

1AD8  00         	NOP

1AD9  48         	LD	C,B

1ADA  6F         	LD	L,A

1ADB  6D         	LD	L,L

1ADC  65         	LD	H,L

1ADD  20 63      	JR	NZ,1B42H

1ADF  75         	LD	(HL),L

1AE0  72         	LD	(HL),D

1AE1  73         	LD	(HL),E

1AE2  6F         	LD	L,A

1AE3  72         	LD	(HL),D

1AE4  20 74      	JR	NZ,1B5AH

1AE6  6F         	LD	L,A

1AE7  20 74      	JR	NZ,1B5DH

1AE9  6F         	LD	L,A

1AEA  70         	LD	(HL),B

1AEB  20 6F      	JR	NZ,1B5CH

1AED  66         	LD	H,(HL)

1AEE  20 73      	JR	NZ,1B63H

1AF0  63         	LD	H,E

1AF1  72         	LD	(HL),D

1AF2  65         	LD	H,L

1AF3  65         	LD	H,L

1AF4  6E         	LD	L,(HL)

1AF5  0D         	DEC	C

1AF6  0A         	LD	A,(BC)

1AF7  0A         	LD	A,(BC)

1AF8  00         	NOP

1AF9  1A         	LD	A,(DE)

1AFA  16 15      	LD	D,15H

1AFC  0D         	DEC	C

1AFD  0A         	LD	A,(BC)

1AFE  20 20      	JR	NZ,1B20H

1B00  20 20      	JR	NZ,1B22H

1B02  50         	LD	D,B

1B03  61         	LD	H,C

1B04  72         	LD	(HL),D

1B05  61         	LD	H,C

1B06  6C         	LD	L,H

1B07  6C         	LD	L,H

1B08  65         	LD	H,L

1B09  6C         	LD	L,H

1B0A  20 70      	JR	NZ,1B7CH

1B0C  72         	LD	(HL),D

1B0D  69         	LD	L,C

1B0E  6E         	LD	L,(HL)

1B0F  74         	LD	(HL),H

1B10  65         	LD	H,L

1B11  72         	LD	(HL),D

1B12  20 64      	JR	NZ,1B78H

1B14  65         	LD	H,L

1B15  66         	LD	H,(HL)

1B16  69         	LD	L,C

1B17  6E         	LD	L,(HL)

1B18  69         	LD	L,C

1B19  74         	LD	(HL),H

1B1A  69         	LD	L,C

1B1B  6F         	LD	L,A

1B1C  6E         	LD	L,(HL)

1B1D  73         	LD	(HL),E

1B1E  15         	DEC	D

1B1F  0D         	DEC	C

1B20  0A         	LD	A,(BC)

1B21  15         	DEC	D

1B22  0D         	DEC	C

1B23  0A         	LD	A,(BC)

1B24  16 0A      	LD	D,0AH

1B26  0A         	LD	A,(BC)

1B27  00         	NOP

1B28  03         	INC	BC

1B29  00         	NOP

1B2A  53         	LD	D,E

1B2B  75         	LD	(HL),L

1B2C  70         	LD	(HL),B

1B2D  70         	LD	(HL),B

1B2E  72         	LD	(HL),D

1B2F  65         	LD	H,L

1B30  73         	LD	(HL),E

1B31  73         	LD	(HL),E

1B32  20 6C      	JR	NZ,1BA0H

1B34  69         	LD	L,C

1B35  6E         	LD	L,(HL)

1B36  65         	LD	H,L

1B37  66         	LD	H,(HL)

1B38  65         	LD	H,L

1B39  65         	LD	H,L

1B3A  64         	LD	H,H

1B3B  20 61      	JR	NZ,1B9EH

1B3D  66         	LD	H,(HL)

1B3E  74         	LD	(HL),H

1B3F  65         	LD	H,L

1B40  72         	LD	(HL),D

1B41  20 63      	JR	NZ,1BA6H

1B43  61         	LD	H,C

1B44  72         	LD	(HL),D

1B45  72         	LD	(HL),D

1B46  69         	LD	L,C

1B47  61         	LD	H,C

1B48  67         	LD	H,A

1B49  65         	LD	H,L

1B4A  20 72      	JR	NZ,1BBEH

1B4C  65         	LD	H,L

1B4D  74         	LD	(HL),H

1B4E  75         	LD	(HL),L

1B4F  72         	LD	(HL),D

1B50  6E         	LD	L,(HL)

1B51  3A 20 20   	LD	A,(2020H)

1B54  58         	LD	E,B

1B55  58         	LD	E,B

1B56  58         	LD	E,B

1B57  0D         	DEC	C

1B58  0A         	LD	A,(BC)

1B59  00         	NOP

1B5A  53         	LD	D,E

1B5B  69         	LD	L,C

1B5C  6D         	LD	L,L

1B5D  75         	LD	(HL),L

1B5E  6C         	LD	L,H

1B5F  61         	LD	H,C

1B60  74         	LD	(HL),H

1B61  65         	LD	H,L

1B62  20 66      	JR	NZ,1BCAH

1B64  6F         	LD	L,A

1B65  72         	LD	(HL),D

1B66  6D         	LD	L,L

1B67  66         	LD	H,(HL)

1B68  65         	LD	H,L

1B69  65         	LD	H,L

1B6A  64         	LD	H,H

1B6B  20 28      	JR	NZ,1B95H

1B6D  74         	LD	(HL),H

1B6E  6F         	LD	L,A

1B6F  70         	LD	(HL),B

1B70  2D         	DEC	L

1B71  6F         	LD	L,A

1B72  66         	LD	H,(HL)

1B73  2D         	DEC	L

1B74  66         	LD	H,(HL)

1B75  6F         	LD	L,A

1B76  72         	LD	(HL),D

1B77  6D         	LD	L,L

1B78  20 63      	JR	NZ,1BDDH

1B7A  6F         	LD	L,A

1B7B  64         	LD	H,H

1B7C  65         	LD	H,L

1B7D  29         	ADD	HL,HL

1B7E  3A 20 20   	LD	A,(2020H)

1B81  58         	LD	E,B

1B82  58         	LD	E,B

1B83  58         	LD	E,B

1B84  0D         	DEC	C

1B85  0A         	LD	A,(BC)

1B86  00         	NOP

1B87  50         	LD	D,B

1B88  61         	LD	H,C

1B89  67         	LD	H,A

1B8A  65         	LD	H,L

1B8B  20 6C      	JR	NZ,1BF9H

1B8D  65         	LD	H,L

1B8E  6E         	LD	L,(HL)

1B8F  67         	LD	H,A

1B90  74         	LD	(HL),H

1B91  68         	LD	L,B

1B92  20 69      	JR	NZ,1BFDH

1B94  6E         	LD	L,(HL)

1B95  20 6C      	JR	NZ,1C03H

1B97  69         	LD	L,C

1B98  6E         	LD	L,(HL)

1B99  65         	LD	H,L

1B9A  73         	LD	(HL),E

1B9B  3A 20 20   	LD	A,(2020H)

1B9E  58         	LD	E,B

1B9F  58         	LD	E,B

1BA0  58         	LD	E,B

1BA1  0D         	DEC	C

1BA2  0A         	LD	A,(BC)

1BA3  00         	NOP

1BA4  1A         	LD	A,(DE)

1BA5  16 15      	LD	D,15H

1BA7  0D         	DEC	C

1BA8  0A         	LD	A,(BC)

1BA9  20 20      	JR	NZ,1BCBH

1BAB  20 20      	JR	NZ,1BCDH

1BAD  53         	LD	D,E

1BAE  65         	LD	H,L

1BAF  72         	LD	(HL),D

1BB0  69         	LD	L,C

1BB1  61         	LD	H,C

1BB2  6C         	LD	L,H

1BB3  20 70      	JR	NZ,1C25H

1BB5  6F         	LD	L,A

1BB6  72         	LD	(HL),D

1BB7  74         	LD	(HL),H

1BB8  20 64      	JR	NZ,1C1EH

1BBA  65         	LD	H,L

1BBB  66         	LD	H,(HL)

1BBC  69         	LD	L,C

1BBD  6E         	LD	L,(HL)

1BBE  69         	LD	L,C

1BBF  74         	LD	(HL),H

1BC0  69         	LD	L,C

1BC1  6F         	LD	L,A

1BC2  6E         	LD	L,(HL)

1BC3  73         	LD	(HL),E

1BC4  15         	DEC	D

1BC5  0D         	DEC	C

1BC6  0A         	LD	A,(BC)

1BC7  15         	DEC	D

1BC8  0D         	DEC	C

1BC9  0A         	LD	A,(BC)

1BCA  16 0A      	LD	D,0AH

1BCC  0A         	LD	A,(BC)

1BCD  43         	LD	B,E

1BCE  75         	LD	(HL),L

1BCF  72         	LD	(HL),D

1BD0  72         	LD	(HL),D

1BD1  65         	LD	H,L

1BD2  6E         	LD	L,(HL)

1BD3  74         	LD	(HL),H

1BD4  20 73      	JR	NZ,1C49H

1BD6  65         	LD	H,L

1BD7  74         	LD	(HL),H

1BD8  74         	LD	(HL),H

1BD9  69         	LD	L,C

1BDA  6E         	LD	L,(HL)

1BDB  67         	LD	H,A

1BDC  73         	LD	(HL),E

1BDD  3A 0D 0A   	LD	A,(0A0DH)

1BE0  0A         	LD	A,(BC)

1BE1  00         	NOP

1BE2  0A         	LD	A,(BC)

1BE3  00         	NOP

1BE4  42         	LD	B,D

1BE5  61         	LD	H,C

1BE6  75         	LD	(HL),L

1BE7  64         	LD	H,H

1BE8  20 72      	JR	NZ,1C5CH

1BEA  61         	LD	H,C

1BEB  74         	LD	(HL),H

1BEC  65         	LD	H,L

1BED  3A 20 20   	LD	A,(2020H)

1BF0  20 20      	JR	NZ,1C12H

1BF2  20 58      	JR	NZ,1C4CH

1BF4  58         	LD	E,B

1BF5  2C         	INC	L

1BF6  58         	LD	E,B

1BF7  58         	LD	E,B

1BF8  58         	LD	E,B

1BF9  0D         	DEC	C

1BFA  0A         	LD	A,(BC)

1BFB  00         	NOP

1BFC  50         	LD	D,B

1BFD  61         	LD	H,C

1BFE  72         	LD	(HL),D

1BFF  69         	LD	L,C

1C00  74         	LD	(HL),H

1C01  79         	LD	A,C

1C02  3A 20 20   	LD	A,(2020H)

1C05  20 20      	JR	NZ,1C27H

1C07  20 20      	JR	NZ,1C29H

1C09  20 20      	JR	NZ,1C2BH

1C0B  58         	LD	E,B

1C0C  58         	LD	E,B

1C0D  58         	LD	E,B

1C0E  58         	LD	E,B

1C0F  0D         	DEC	C

1C10  0A         	LD	A,(BC)

1C11  00         	NOP

1C12  57         	LD	D,A

1C13  6F         	LD	L,A

1C14  72         	LD	(HL),D

1C15  64         	LD	H,H

1C16  20 6C      	JR	NZ,1C84H

1C18  65         	LD	H,L

1C19  6E         	LD	L,(HL)

1C1A  67         	LD	H,A

1C1B  74         	LD	(HL),H

1C1C  68         	LD	L,B

1C1D  3A 20 20   	LD	A,(2020H)

1C20  20 58      	JR	NZ,1C7AH

1C22  20 62      	JR	NZ,1C86H

1C24  69         	LD	L,C

1C25  74         	LD	(HL),H

1C26  73         	LD	(HL),E

1C27  0D         	DEC	C

1C28  0A         	LD	A,(BC)

1C29  00         	NOP

1C2A  53         	LD	D,E

1C2B  74         	LD	(HL),H

1C2C  6F         	LD	L,A

1C2D  70         	LD	(HL),B

1C2E  20 62      	JR	NZ,1C92H

1C30  69         	LD	L,C

1C31  74         	LD	(HL),H

1C32  73         	LD	(HL),E

1C33  3A 20 20   	LD	A,(2020H)

1C36  20 20      	JR	NZ,1C58H

1C38  20 58      	JR	NZ,1C92H

1C3A  0D         	DEC	C

1C3B  0A         	LD	A,(BC)

1C3C  00         	NOP

1C3D  44         	LD	B,H

1C3E  54         	LD	D,H

1C3F  52         	LD	D,D

1C40  20 6C      	JR	NZ,1CAEH

1C42  69         	LD	L,C

1C43  6E         	LD	L,(HL)

1C44  65         	LD	H,L

1C45  3A 20 20   	LD	A,(2020H)

1C48  20 20      	JR	NZ,1C6AH

1C4A  20 20      	JR	NZ,1C6CH

1C4C  58         	LD	E,B

1C4D  58         	LD	E,B

1C4E  58         	LD	E,B

1C4F  0D         	DEC	C

1C50  0A         	LD	A,(BC)

1C51  00         	NOP

1C52  52         	LD	D,D

1C53  54         	LD	D,H

1C54  53         	LD	D,E

1C55  20 6C      	JR	NZ,1CC3H

1C57  69         	LD	L,C

1C58  6E         	LD	L,(HL)

1C59  65         	LD	H,L

1C5A  3A 20 20   	LD	A,(2020H)

1C5D  20 20      	JR	NZ,1C7FH

1C5F  20 20      	JR	NZ,1C81H

1C61  58         	LD	E,B

1C62  58         	LD	E,B

1C63  58         	LD	E,B

1C64  0D         	DEC	C

1C65  0A         	LD	A,(BC)

1C66  00         	NOP

1C67  57         	LD	D,A

1C68  61         	LD	H,C

1C69  69         	LD	L,C

1C6A  74         	LD	(HL),H

1C6B  20 66      	JR	NZ,1CD3H

1C6D  6F         	LD	L,A

1C6E  72         	LD	(HL),D

1C6F  20 43      	JR	NZ,1CB4H

1C71  54         	LD	D,H

1C72  53         	LD	D,E

1C73  3A 20 20   	LD	A,(2020H)

1C76  58         	LD	E,B

1C77  58         	LD	E,B

1C78  58         	LD	E,B

1C79  0D         	DEC	C

1C7A  0A         	LD	A,(BC)

1C7B  00         	NOP

1C7C  57         	LD	D,A

1C7D  61         	LD	H,C

1C7E  69         	LD	L,C

1C7F  74         	LD	(HL),H

1C80  20 66      	JR	NZ,1CE8H

1C82  6F         	LD	L,A

1C83  72         	LD	(HL),D

1C84  20 44      	JR	NZ,1CCAH

1C86  53         	LD	D,E

1C87  52         	LD	D,D

1C88  3A 20 20   	LD	A,(2020H)

1C8B  58         	LD	E,B

1C8C  58         	LD	E,B

1C8D  58         	LD	E,B

1C8E  0D         	DEC	C

1C8F  0A         	LD	A,(BC)

1C90  00         	NOP

1C91  49         	LD	C,C

1C92  6E         	LD	L,(HL)

1C93  76         	HALT

1C94  65         	LD	H,L

1C95  72         	LD	(HL),D

1C96  74         	LD	(HL),H

1C97  20 43      	JR	NZ,1CDCH

1C99  54         	LD	D,H

1C9A  53         	LD	D,E

1C9B  3A 20 20   	LD	A,(2020H)

1C9E  20 20      	JR	NZ,1CC0H

1CA0  58         	LD	E,B

1CA1  58         	LD	E,B

1CA2  58         	LD	E,B

1CA3  0D         	DEC	C

1CA4  0A         	LD	A,(BC)

1CA5  00         	NOP

1CA6  49         	LD	C,C

1CA7  6E         	LD	L,(HL)

1CA8  76         	HALT

1CA9  65         	LD	H,L

1CAA  72         	LD	(HL),D

1CAB  74         	LD	(HL),H

1CAC  20 44      	JR	NZ,1CF2H

1CAE  53         	LD	D,E

1CAF  52         	LD	D,D

1CB0  3A 20 20   	LD	A,(2020H)

1CB3  20 20      	JR	NZ,1CD5H

1CB5  58         	LD	E,B

1CB6  58         	LD	E,B

1CB7  58         	LD	E,B

1CB8  0D         	DEC	C

1CB9  0A         	LD	A,(BC)

1CBA  00         	NOP

1CBB  1A         	LD	A,(DE)

1CBC  16 15      	LD	D,15H

1CBE  0D         	DEC	C

1CBF  0A         	LD	A,(BC)

1CC0  20 20      	JR	NZ,1CE2H

1CC2  20 20      	JR	NZ,1CE4H

1CC4  42         	LD	B,D

1CC5  61         	LD	H,C

1CC6  75         	LD	(HL),L

1CC7  64         	LD	H,H

1CC8  20 72      	JR	NZ,1D3CH

1CCA  61         	LD	H,C

1CCB  74         	LD	(HL),H

1CCC  65         	LD	H,L

1CCD  20 73      	JR	NZ,1D42H

1CCF  65         	LD	H,L

1CD0  6C         	LD	L,H

1CD1  65         	LD	H,L

1CD2  63         	LD	H,E

1CD3  74         	LD	(HL),H

1CD4  69         	LD	L,C

1CD5  6F         	LD	L,A

1CD6  6E         	LD	L,(HL)

1CD7  73         	LD	(HL),E

1CD8  15         	DEC	D

1CD9  0D         	DEC	C

1CDA  0A         	LD	A,(BC)

1CDB  15         	DEC	D

1CDC  16 0D      	LD	D,0DH

1CDE  0A         	LD	A,(BC)

1CDF  0A         	LD	A,(BC)

1CE0  00         	NOP

1CE1  10 06      	DJNZ	1CE9H

1CE3  35         	DEC	(HL)

1CE4  30 20      	JR	NC,1D06H

1CE6  20 20      	JR	NZ,1D08H

1CE8  20 0D      	JR	NZ,1CF7H

1CEA  0A         	LD	A,(BC)

1CEB  00         	NOP

1CEC  37         	SCF

1CED  35         	DEC	(HL)

1CEE  20 20      	JR	NZ,1D10H

1CF0  20 20      	JR	NZ,1D12H

1CF2  0D         	DEC	C

1CF3  0A         	LD	A,(BC)

1CF4  00         	NOP

1CF5  31 31 30   	LD	SP,3031H

1CF8  20 20      	JR	NZ,1D1AH

1CFA  20 0D      	JR	NZ,1D09H

1CFC  0A         	LD	A,(BC)

1CFD  00         	NOP

1CFE  31 33 35   	LD	SP,3533H

1D01  20 20      	JR	NZ,1D23H

1D03  20 0D      	JR	NZ,1D12H

1D05  0A         	LD	A,(BC)

1D06  00         	NOP

1D07  31 35 30   	LD	SP,3035H

1D0A  20 20      	JR	NZ,1D2CH

1D0C  20 0D      	JR	NZ,1D1BH

1D0E  0A         	LD	A,(BC)

1D0F  00         	NOP

1D10  33         	INC	SP

1D11  30 30      	JR	NC,1D43H

1D13  20 20      	JR	NZ,1D35H

1D15  20 0D      	JR	NZ,1D24H

1D17  0A         	LD	A,(BC)

1D18  00         	NOP

1D19  36 30      	LD	(HL),30H

1D1B  30 20      	JR	NC,1D3DH

1D1D  20 20      	JR	NZ,1D3FH

1D1F  0D         	DEC	C

1D20  0A         	LD	A,(BC)

1D21  00         	NOP

1D22  31 2C 32   	LD	SP,322CH

1D25  30 30      	JR	NC,1D57H

1D27  20 1B      	JR	NZ,1D44H

1D29  3D         	DEC	A

1D2A  24         	INC	H

1D2B  48         	LD	C,B

1D2C  00         	NOP

1D2D  31 2C 38   	LD	SP,382CH

1D30  30 30      	JR	NC,1D62H

1D32  20 1B      	JR	NZ,1D4FH

1D34  3D         	DEC	A

1D35  25         	DEC	H

1D36  48         	LD	C,B

1D37  00         	NOP

1D38  32 2C 30   	LD	(302CH),A

1D3B  30 30      	JR	NC,1D6DH

1D3D  20 1B      	JR	NZ,1D5AH

1D3F  3D         	DEC	A

1D40  26 48      	LD	H,48H

1D42  00         	NOP

1D43  32 2C 34   	LD	(342CH),A

1D46  30 30      	JR	NC,1D78H

1D48  20 1B      	JR	NZ,1D65H

1D4A  3D         	DEC	A

1D4B  27         	DAA

1D4C  48         	LD	C,B

1D4D  00         	NOP

1D4E  33         	INC	SP

1D4F  2C         	INC	L

1D50  36 30      	LD	(HL),30H

1D52  30 20      	JR	NC,1D74H

1D54  1B         	DEC	DE

1D55  3D         	DEC	A

1D56  28 48      	JR	Z,1DA0H

1D58  00         	NOP

1D59  34         	INC	(HL)

1D5A  2C         	INC	L

1D5B  38 30      	JR	C,1D8DH

1D5D  30 20      	JR	NC,1D7FH

1D5F  1B         	DEC	DE

1D60  3D         	DEC	A

1D61  29         	ADD	HL,HL

1D62  48         	LD	C,B

1D63  00         	NOP

1D64  37         	SCF

1D65  2C         	INC	L

1D66  32 30 30   	LD	(3030H),A

1D69  20 1B      	JR	NZ,1D86H

1D6B  3D         	DEC	A

1D6C  2A 48 00   	LD	HL,(48H)

1D6F  39         	ADD	HL,SP

1D70  2C         	INC	L

1D71  36 30      	LD	(HL),30H

1D73  30 20      	JR	NC,1D95H

1D75  1B         	DEC	DE

1D76  3D         	DEC	A

1D77  2B         	DEC	HL

1D78  48         	LD	C,B

1D79  00         	NOP

1D7A  31 39 2C   	LD	SP,2C39H

1D7D  32 30 30   	LD	(3030H),A

1D80  0D         	DEC	C

1D81  0A         	LD	A,(BC)

1D82  0A         	LD	A,(BC)

1D83  00         	NOP

1D84  1A         	LD	A,(DE)

1D85  16 15      	LD	D,15H

1D87  0D         	DEC	C

1D88  0A         	LD	A,(BC)

1D89  20 20      	JR	NZ,1DABH

1D8B  20 20      	JR	NZ,1DADH

1D8D  50         	LD	D,B

1D8E  61         	LD	H,C

1D8F  72         	LD	(HL),D

1D90  69         	LD	L,C

1D91  74         	LD	(HL),H

1D92  79         	LD	A,C

1D93  20 73      	JR	NZ,1E08H

1D95  65         	LD	H,L

1D96  6C         	LD	L,H

1D97  65         	LD	H,L

1D98  63         	LD	H,E

1D99  74         	LD	(HL),H

1D9A  69         	LD	L,C

1D9B  6F         	LD	L,A

1D9C  6E         	LD	L,(HL)

1D9D  73         	LD	(HL),E

1D9E  15         	DEC	D

1D9F  0D         	DEC	C

1DA0  0A         	LD	A,(BC)

1DA1  15         	DEC	D

1DA2  16 0D      	LD	D,0DH

1DA4  0A         	LD	A,(BC)

1DA5  0A         	LD	A,(BC)

1DA6  00         	NOP

1DA7  03         	INC	BC

1DA8  03         	INC	BC

1DA9  45         	LD	B,L

1DAA  76         	HALT

1DAB  65         	LD	H,L

1DAC  6E         	LD	L,(HL)

1DAD  0D         	DEC	C

1DAE  0A         	LD	A,(BC)

1DAF  00         	NOP

1DB0  4F         	LD	C,A

1DB1  64         	LD	H,H

1DB2  64         	LD	H,H

1DB3  20 0D      	JR	NZ,1DC2H

1DB5  0A         	LD	A,(BC)

1DB6  00         	NOP

1DB7  4E         	LD	C,(HL)

1DB8  6F         	LD	L,A

1DB9  6E         	LD	L,(HL)

1DBA  65         	LD	H,L

1DBB  0D         	DEC	C

1DBC  0A         	LD	A,(BC)

1DBD  00         	NOP

1DBE  1A         	LD	A,(DE)

1DBF  16 15      	LD	D,15H

1DC1  0D         	DEC	C

1DC2  0A         	LD	A,(BC)

1DC3  20 20      	JR	NZ,1DE5H

1DC5  20 20      	JR	NZ,1DE7H

1DC7  57         	LD	D,A

1DC8  6F         	LD	L,A

1DC9  72         	LD	(HL),D

1DCA  64         	LD	H,H

1DCB  20 6C      	JR	NZ,1E39H

1DCD  65         	LD	H,L

1DCE  6E         	LD	L,(HL)

1DCF  67         	LD	H,A

1DD0  74         	LD	(HL),H

1DD1  68         	LD	L,B

1DD2  20 73      	JR	NZ,1E47H

1DD4  65         	LD	H,L

1DD5  6C         	LD	L,H

1DD6  65         	LD	H,L

1DD7  63         	LD	H,E

1DD8  74         	LD	(HL),H

1DD9  69         	LD	L,C

1DDA  6F         	LD	L,A

1DDB  6E         	LD	L,(HL)

1DDC  73         	LD	(HL),E

1DDD  15         	DEC	D

1DDE  0D         	DEC	C

1DDF  0A         	LD	A,(BC)

1DE0  15         	DEC	D

1DE1  16 0D      	LD	D,0DH

1DE3  0A         	LD	A,(BC)

1DE4  0A         	LD	A,(BC)

1DE5  00         	NOP

1DE6  04         	INC	B

1DE7  04         	INC	B

1DE8  35         	DEC	(HL)

1DE9  20 62      	JR	NZ,1E4DH

1DEB  69         	LD	L,C

1DEC  74         	LD	(HL),H

1DED  73         	LD	(HL),E

1DEE  0D         	DEC	C

1DEF  0A         	LD	A,(BC)

1DF0  00         	NOP

1DF1  36 20      	LD	(HL),20H

1DF3  62         	LD	H,D

1DF4  69         	LD	L,C

1DF5  74         	LD	(HL),H

1DF6  73         	LD	(HL),E

1DF7  0D         	DEC	C

1DF8  0A         	LD	A,(BC)

1DF9  00         	NOP

1DFA  37         	SCF

1DFB  20 62      	JR	NZ,1E5FH

1DFD  69         	LD	L,C

1DFE  74         	LD	(HL),H

1DFF  73         	LD	(HL),E

1E00  0D         	DEC	C

1E01  0A         	LD	A,(BC)

1E02  00         	NOP

1E03  38 20      	JR	C,1E25H

1E05  62         	LD	H,D

1E06  69         	LD	L,C

1E07  74         	LD	(HL),H

1E08  73         	LD	(HL),E

1E09  0D         	DEC	C

1E0A  0A         	LD	A,(BC)

1E0B  00         	NOP

1E0C  1A         	LD	A,(DE)

1E0D  16 15      	LD	D,15H

1E0F  0D         	DEC	C

1E10  0A         	LD	A,(BC)

1E11  20 20      	JR	NZ,1E33H

1E13  20 20      	JR	NZ,1E35H

1E15  44         	LD	B,H

1E16  69         	LD	L,C

1E17  73         	LD	(HL),E

1E18  6B         	LD	L,E

1E19  20 64      	JR	NZ,1E7FH

1E1B  72         	LD	(HL),D

1E1C  69         	LD	L,C

1E1D  76         	HALT

1E1E  65         	LD	H,L

1E1F  20 73      	JR	NZ,1E94H

1E21  65         	LD	H,L

1E22  6C         	LD	L,H

1E23  65         	LD	H,L

1E24  63         	LD	H,E

1E25  74         	LD	(HL),H

1E26  69         	LD	L,C

1E27  6F         	LD	L,A

1E28  6E         	LD	L,(HL)

1E29  73         	LD	(HL),E

1E2A  15         	DEC	D

1E2B  0D         	DEC	C

1E2C  0A         	LD	A,(BC)

1E2D  15         	DEC	D

1E2E  0D         	DEC	C

1E2F  0A         	LD	A,(BC)

1E30  16 0A      	LD	D,0AH

1E32  0A         	LD	A,(BC)

1E33  00         	NOP

1E34  50         	LD	D,B

1E35  68         	LD	L,B

1E36  79         	LD	A,C

1E37  73         	LD	(HL),E

1E38  69         	LD	L,C

1E39  63         	LD	H,E

1E3A  61         	LD	H,C

1E3B  6C         	LD	L,H

1E3C  20 64      	JR	NZ,1EA2H

1E3E  69         	LD	L,C

1E3F  73         	LD	(HL),E

1E40  6B         	LD	L,E

1E41  20 64      	JR	NZ,1EA7H

1E43  72         	LD	(HL),D

1E44  69         	LD	L,C

1E45  76         	HALT

1E46  65         	LD	H,L

1E47  20 58      	JR	NZ,1EA1H

1E49  0D         	DEC	C

1E4A  0A         	LD	A,(BC)

1E4B  00         	NOP

1E4C  4E         	LD	C,(HL)

1E4D  75         	LD	(HL),L

1E4E  6D         	LD	L,L

1E4F  62         	LD	H,D

1E50  65         	LD	H,L

1E51  72         	LD	(HL),D

1E52  20 6F      	JR	NZ,1EC3H

1E54  66         	LD	H,(HL)

1E55  20 64      	JR	NZ,1EBBH

1E57  72         	LD	(HL),D

1E58  69         	LD	L,C

1E59  76         	HALT

1E5A  65         	LD	H,L

1E5B  73         	LD	(HL),E

1E5C  3A 20 20   	LD	A,(2020H)

1E5F  58         	LD	E,B

1E60  0D         	DEC	C

1E61  0A         	LD	A,(BC)

1E62  00         	NOP

1E63  1B         	DEC	DE

1E64  3D         	DEC	A

1E65  2A 20 19   	LD	HL,(1920H)

1E68  0D         	DEC	C

1E69  0A         	LD	A,(BC)

1E6A  48         	LD	C,B

1E6B  6F         	LD	L,A

1E6C  77         	LD	(HL),A

1E6D  20 6D      	JR	NZ,1EDCH

1E6F  61         	LD	H,C

1E70  6E         	LD	L,(HL)

1E71  79         	LD	A,C

1E72  20 64      	JR	NZ,1ED8H

1E74  72         	LD	(HL),D

1E75  69         	LD	L,C

1E76  76         	HALT

1E77  65         	LD	H,L

1E78  73         	LD	(HL),E

1E79  3F         	CCF

1E7A  20 00      	JR	NZ,1E7CH

1E7C  1A         	LD	A,(DE)

1E7D  16 15      	LD	D,15H

1E7F  0D         	DEC	C

1E80  0A         	LD	A,(BC)

1E81  20 20      	JR	NZ,1EA3H

1E83  20 20      	JR	NZ,1EA5H

1E85  44         	LD	B,H

1E86  69         	LD	L,C

1E87  73         	LD	(HL),E

1E88  6B         	LD	L,E

1E89  20 64      	JR	NZ,1EEFH

1E8B  72         	LD	(HL),D

1E8C  69         	LD	L,C

1E8D  76         	HALT

1E8E  65         	LD	H,L

1E8F  20 58      	JR	NZ,1EE9H

1E91  20 64      	JR	NZ,1EF7H

1E93  65         	LD	H,L

1E94  66         	LD	H,(HL)

1E95  69         	LD	L,C

1E96  6E         	LD	L,(HL)

1E97  69         	LD	L,C

1E98  74         	LD	(HL),H

1E99  69         	LD	L,C

1E9A  6F         	LD	L,A

1E9B  6E         	LD	L,(HL)

1E9C  73         	LD	(HL),E

1E9D  15         	DEC	D

1E9E  0D         	DEC	C

1E9F  0A         	LD	A,(BC)

1EA0  15         	DEC	D

1EA1  0D         	DEC	C

1EA2  0A         	LD	A,(BC)

1EA3  16 0A      	LD	D,0AH

1EA5  0A         	LD	A,(BC)

1EA6  43         	LD	B,E

1EA7  75         	LD	(HL),L

1EA8  72         	LD	(HL),D

1EA9  72         	LD	(HL),D

1EAA  65         	LD	H,L

1EAB  6E         	LD	L,(HL)

1EAC  74         	LD	(HL),H

1EAD  20 73      	JR	NZ,1F22H

1EAF  65         	LD	H,L

1EB0  74         	LD	(HL),H

1EB1  74         	LD	(HL),H

1EB2  69         	LD	L,C

1EB3  6E         	LD	L,(HL)

1EB4  67         	LD	H,A

1EB5  73         	LD	(HL),E

1EB6  3A 0D 0A   	LD	A,(0A0DH)

1EB9  0A         	LD	A,(BC)

1EBA  00         	NOP

1EBB  04         	INC	B

1EBC  00         	NOP

1EBD  54         	LD	D,H

1EBE  79         	LD	A,C

1EBF  70         	LD	(HL),B

1EC0  65         	LD	H,L

1EC1  20 6F      	JR	NZ,1F32H

1EC3  66         	LD	H,(HL)

1EC4  20 64      	JR	NZ,1F2AH

1EC6  72         	LD	(HL),D

1EC7  69         	LD	L,C

1EC8  76         	HALT

1EC9  65         	LD	H,L

1ECA  3A 20 20   	LD	A,(2020H)

1ECD  20 20      	JR	NZ,1EEFH

1ECF  20 20      	JR	NZ,1EF1H

1ED1  20 20      	JR	NZ,1EF3H

1ED3  20 20      	JR	NZ,1EF5H

1ED5  20 20      	JR	NZ,1EF7H

1ED7  20 58      	JR	NZ,1F31H

1ED9  20 69      	JR	NZ,1F44H

1EDB  6E         	LD	L,(HL)

1EDC  63         	LD	H,E

1EDD  68         	LD	L,B

1EDE  0D         	DEC	C

1EDF  0A         	LD	A,(BC)

1EE0  00         	NOP

1EE1  4E         	LD	C,(HL)

1EE2  75         	LD	(HL),L

1EE3  6D         	LD	L,L

1EE4  62         	LD	H,D

1EE5  65         	LD	H,L

1EE6  72         	LD	(HL),D

1EE7  20 6F      	JR	NZ,1F58H

1EE9  66         	LD	H,(HL)

1EEA  20 74      	JR	NZ,1F60H

1EEC  72         	LD	(HL),D

1EED  61         	LD	H,C

1EEE  63         	LD	H,E

1EEF  6B         	LD	L,E

1EF0  73         	LD	(HL),E

1EF1  3A 20 20   	LD	A,(2020H)

1EF4  20 20      	JR	NZ,1F16H

1EF6  20 20      	JR	NZ,1F18H

1EF8  20 20      	JR	NZ,1F1AH

1EFA  20 20      	JR	NZ,1F1CH

1EFC  58         	LD	E,B

1EFD  58         	LD	E,B

1EFE  0D         	DEC	C

1EFF  0A         	LD	A,(BC)

1F00  00         	NOP

1F01  4E         	LD	C,(HL)

1F02  75         	LD	(HL),L

1F03  6D         	LD	L,L

1F04  62         	LD	H,D

1F05  65         	LD	H,L

1F06  72         	LD	(HL),D

1F07  20 6F      	JR	NZ,1F78H

1F09  66         	LD	H,(HL)

1F0A  20 73      	JR	NZ,1F7FH

1F0C  69         	LD	L,C

1F0D  64         	LD	H,H

1F0E  65         	LD	H,L

1F0F  73         	LD	(HL),E

1F10  3A 20 20   	LD	A,(2020H)

1F13  20 20      	JR	NZ,1F35H

1F15  20 20      	JR	NZ,1F37H

1F17  20 20      	JR	NZ,1F39H

1F19  20 20      	JR	NZ,1F3BH

1F1B  20 58      	JR	NZ,1F75H

1F1D  0D         	DEC	C

1F1E  0A         	LD	A,(BC)

1F1F  00         	NOP

1F20  53         	LD	D,E

1F21  74         	LD	(HL),H

1F22  65         	LD	H,L

1F23  70         	LD	(HL),B

1F24  20 72      	JR	NZ,1F98H

1F26  61         	LD	H,C

1F27  74         	LD	(HL),H

1F28  65         	LD	H,L

1F29  20 28      	JR	NZ,1F53H

1F2B  6D         	LD	L,L

1F2C  73         	LD	(HL),E

1F2D  29         	ADD	HL,HL

1F2E  3A 20 20   	LD	A,(2020H)

1F31  20 20      	JR	NZ,1F53H

1F33  20 20      	JR	NZ,1F55H

1F35  20 20      	JR	NZ,1F57H

1F37  20 20      	JR	NZ,1F59H

1F39  20 20      	JR	NZ,1F5BH

1F3B  58         	LD	E,B

1F3C  58         	LD	E,B

1F3D  0D         	DEC	C

1F3E  0A         	LD	A,(BC)

1F3F  00         	NOP

1F40  1B         	DEC	DE

1F41  3D         	DEC	A

1F42  25         	DEC	H

1F43  20 19      	JR	NZ,1F5EH

1F45  54         	LD	D,H

1F46  72         	LD	(HL),D

1F47  61         	LD	H,C

1F48  63         	LD	H,E

1F49  6B         	LD	L,E

1F4A  20 63      	JR	NZ,1FAFH

1F4C  68         	LD	L,B

1F4D  6F         	LD	L,A

1F4E  69         	LD	L,C

1F4F  63         	LD	H,E

1F50  65         	LD	H,L

1F51  73         	LD	(HL),E

1F52  3A 0D 0A   	LD	A,(0A0DH)

1F55  0A         	LD	A,(BC)

1F56  00         	NOP

1F57  04         	INC	B

1F58  02         	LD	(BC),A

1F59  33         	INC	SP

1F5A  35         	DEC	(HL)

1F5B  0D         	DEC	C

1F5C  0A         	LD	A,(BC)

1F5D  00         	NOP

1F5E  34         	INC	(HL)

1F5F  30 0D      	JR	NC,1F6EH

1F61  0A         	LD	A,(BC)

1F62  00         	NOP

1F63  37         	SCF

1F64  37         	SCF

1F65  0D         	DEC	C

1F66  0A         	LD	A,(BC)

1F67  00         	NOP

1F68  38 30      	JR	C,1F9AH

1F6A  0D         	DEC	C

1F6B  0A         	LD	A,(BC)

1F6C  00         	NOP

1F6D  14         	INC	D

1F6E  16 2A      	LD	D,2AH

1F70  2C         	INC	L

1F71  1B         	DEC	DE

1F72  3D         	DEC	A

1F73  25         	DEC	H

1F74  20 19      	JR	NZ,1F8FH

1F76  53         	LD	D,E

1F77  74         	LD	(HL),H

1F78  65         	LD	H,L

1F79  70         	LD	(HL),B

1F7A  20 72      	JR	NZ,1FEEH

1F7C  61         	LD	H,C

1F7D  74         	LD	(HL),H

1F7E  65         	LD	H,L

1F7F  20 63      	JR	NZ,1FE4H

1F81  68         	LD	L,B

1F82  6F         	LD	L,A

1F83  69         	LD	L,C

1F84  63         	LD	H,E

1F85  65         	LD	H,L

1F86  73         	LD	(HL),E

1F87  3A 0D 0A   	LD	A,(0A0DH)

1F8A  0A         	LD	A,(BC)

1F8B  00         	NOP

1F8C  04         	INC	B

1F8D  01 36 20   	LD	BC,2036H

1F90  20 6D      	JR	NZ,1FFFH

1F92  69         	LD	L,C

1F93  6C         	LD	L,H

1F94  6C         	LD	L,H

1F95  69         	LD	L,C

1F96  73         	LD	(HL),E

1F97  65         	LD	H,L

1F98  63         	LD	H,E

1F99  6F         	LD	L,A

1F9A  6E         	LD	L,(HL)

1F9B  64         	LD	H,H

1F9C  73         	LD	(HL),E

1F9D  0D         	DEC	C

1F9E  0A         	LD	A,(BC)

1F9F  00         	NOP

1FA0  31 32 20   	LD	SP,2032H

1FA3  6D         	LD	L,L

1FA4  69         	LD	L,C

1FA5  6C         	LD	L,H

1FA6  6C         	LD	L,H

1FA7  69         	LD	L,C

1FA8  73         	LD	(HL),E

1FA9  65         	LD	H,L

1FAA  63         	LD	H,E

1FAB  6F         	LD	L,A

1FAC  6E         	LD	L,(HL)

1FAD  64         	LD	H,H

1FAE  73         	LD	(HL),E

1FAF  0D         	DEC	C

1FB0  0A         	LD	A,(BC)

1FB1  00         	NOP

1FB2  32 30 20   	LD	(2030H),A

1FB5  6D         	LD	L,L

1FB6  69         	LD	L,C

1FB7  6C         	LD	L,H

1FB8  6C         	LD	L,H

1FB9  69         	LD	L,C

1FBA  73         	LD	(HL),E

1FBB  65         	LD	H,L

1FBC  63         	LD	H,E

1FBD  6F         	LD	L,A

1FBE  6E         	LD	L,(HL)

1FBF  64         	LD	H,H

1FC0  73         	LD	(HL),E

1FC1  0D         	DEC	C

1FC2  0A         	LD	A,(BC)

1FC3  00         	NOP

1FC4  33         	INC	SP

1FC5  30 20      	JR	NC,1FE7H

1FC7  6D         	LD	L,L

1FC8  69         	LD	L,C

1FC9  6C         	LD	L,H

1FCA  6C         	LD	L,H

1FCB  69         	LD	L,C

1FCC  73         	LD	(HL),E

1FCD  65         	LD	H,L

1FCE  63         	LD	H,E

1FCF  6F         	LD	L,A

1FD0  6E         	LD	L,(HL)

1FD1  64         	LD	H,H

1FD2  73         	LD	(HL),E

1FD3  0D         	DEC	C

1FD4  0A         	LD	A,(BC)

1FD5  00         	NOP

1FD6  36 20      	LD	(HL),20H

1FD8  31 32 32   	LD	SP,3232H

1FDB  30 33      	JR	NC,2010H

1FDD  30 33      	JR	NC,2012H

1FDF  20 36      	JR	NZ,2017H

1FE1  20 31      	JR	NZ,2014H

1FE3  30 31      	JR	NC,2016H

1FE5  35         	DEC	(HL)

1FE6  1A         	LD	A,(DE)

1FE7  16 15      	LD	D,15H

1FE9  0D         	DEC	C

1FEA  0A         	LD	A,(BC)

1FEB  20 20      	JR	NZ,200DH

1FED  20 20      	JR	NZ,200FH

1FEF  44         	LD	B,H

1FF0  69         	LD	L,C

1FF1  73         	LD	(HL),E

1FF2  6B         	LD	L,E

1FF3  20 66      	JR	NZ,205BH

1FF5  6F         	LD	L,A

1FF6  72         	LD	(HL),D

1FF7  6D         	LD	L,L

1FF8  61         	LD	H,C

1FF9  74         	LD	(HL),H

1FFA  20 64      	JR	NZ,2060H

1FFC  65         	LD	H,L

1FFD  66         	LD	H,(HL)

1FFE  69         	LD	L,C

1FFF  6E         	LD	L,(HL)

2000  69         	LD	L,C

2001  74         	LD	(HL),H

2002  69         	LD	L,C

2003  6F         	LD	L,A

2004  6E         	LD	L,(HL)

2005  73         	LD	(HL),E

2006  15         	DEC	D

2007  0D         	DEC	C

2008  0A         	LD	A,(BC)

2009  15         	DEC	D

200A  0D         	DEC	C

200B  0A         	LD	A,(BC)

200C  16 3E      	LD	D,3EH

200E  3E 2D      	LD	A,2DH

2010  2D         	DEC	L

2011  3E 20      	LD	A,20H

2013  20 20      	JR	NZ,2035H

2015  43         	LD	B,E

2016  68         	LD	L,B

2017  6F         	LD	L,A

2018  6F         	LD	L,A

2019  73         	LD	(HL),E

201A  65         	LD	H,L

201B  20 74      	JR	NZ,2091H

201D  68         	LD	L,B

201E  65         	LD	H,L

201F  20 6C      	JR	NZ,208DH

2021  65         	LD	H,L

2022  74         	LD	(HL),H

2023  74         	LD	(HL),H

2024  65         	LD	H,L

2025  72         	LD	(HL),D

2026  20 6F      	JR	NZ,2097H

2028  66         	LD	H,(HL)

2029  20 74      	JR	NZ,209FH

202B  68         	LD	L,B

202C  65         	LD	H,L

202D  20 64      	JR	NZ,2093H

202F  72         	LD	(HL),D

2030  69         	LD	L,C

2031  76         	HALT

2032  65         	LD	H,L

2033  20 77      	JR	NZ,20ACH

2035  68         	LD	L,B

2036  69         	LD	L,C

2037  63         	LD	H,E

2038  68         	LD	L,B

2039  20 69      	JR	NZ,20A4H

203B  73         	LD	(HL),E

203C  20 74      	JR	NZ,20B2H

203E  6F         	LD	L,A

203F  20 62      	JR	NZ,20A3H

2041  65         	LD	H,L

2042  20 63      	JR	NZ,20A7H

2044  68         	LD	L,B

2045  61         	LD	H,C

2046  6E         	LD	L,(HL)

2047  67         	LD	H,A

2048  65         	LD	H,L

2049  64         	LD	H,H

204A  3A 0D 0A   	LD	A,(0A0DH)

204D  44         	LD	B,H

204E  72         	LD	(HL),D

204F  69         	LD	L,C

2050  76         	HALT

2051  65         	LD	H,L

2052  20 20      	JR	NZ,2074H

2054  20 50      	JR	NZ,20A6H

2056  68         	LD	L,B

2057  79         	LD	A,C

2058  73         	LD	(HL),E

2059  69         	LD	L,C

205A  63         	LD	H,E

205B  61         	LD	H,C

205C  6C         	LD	L,H

205D  20 64      	JR	NZ,20C3H

205F  72         	LD	(HL),D

2060  69         	LD	L,C

2061  76         	HALT

2062  65         	LD	H,L

2063  20 26      	JR	NZ,208BH

2065  20 63      	JR	NZ,20CAH

2067  75         	LD	(HL),L

2068  72         	LD	(HL),D

2069  72         	LD	(HL),D

206A  65         	LD	H,L

206B  6E         	LD	L,(HL)

206C  74         	LD	(HL),H

206D  20 66      	JR	NZ,20D5H

206F  6F         	LD	L,A

2070  72         	LD	(HL),D

2071  6D         	LD	L,L

2072  61         	LD	H,C

2073  74         	LD	(HL),H

2074  0D         	DEC	C

2075  0A         	LD	A,(BC)

2076  00         	NOP

2077  55         	LD	D,L

2078  6E         	LD	L,(HL)

2079  6B         	LD	L,E

207A  6E         	LD	L,(HL)

207B  6F         	LD	L,A

207C  77         	LD	(HL),A

207D  6E         	LD	L,(HL)

207E  20 66      	JR	NZ,20E6H

2080  6F         	LD	L,A

2081  72         	LD	(HL),D

2082  6D         	LD	L,L

2083  61         	LD	H,C

2084  74         	LD	(HL),H

2085  3A 20 58   	LD	A,(5820H)

2088  58         	LD	E,B

2089  54         	LD	D,H

208A  2C         	INC	L

208B  20 58      	JR	NZ,20E5H

208D  53         	LD	D,E

208E  2C         	INC	L

208F  20 58      	JR	NZ,20E9H

2091  44         	LD	B,H

2092  2C         	INC	L

2093  20 58      	JR	NZ,20EDH

2095  58         	LD	E,B

2096  20 73      	JR	NZ,210BH

2098  65         	LD	H,L

2099  63         	LD	H,E

209A  74         	LD	(HL),H

209B  6F         	LD	L,A

209C  72         	LD	(HL),D

209D  73         	LD	(HL),E

209E  2F         	CPL

209F  74         	LD	(HL),H

20A0  72         	LD	(HL),D

20A1  61         	LD	H,C

20A2  63         	LD	H,E

20A3  6B         	LD	L,E

20A4  2C         	INC	L

20A5  20 58      	JR	NZ,20FFH

20A7  58         	LD	E,B

20A8  58         	LD	E,B

20A9  20 62      	JR	NZ,210DH

20AB  79         	LD	A,C

20AC  74         	LD	(HL),H

20AD  65         	LD	H,L

20AE  73         	LD	(HL),E

20AF  2F         	CPL

20B0  73         	LD	(HL),E

20B1  65         	LD	H,L

20B2  63         	LD	H,E

20B3  74         	LD	(HL),H

20B4  6F         	LD	L,A

20B5  72         	LD	(HL),D

20B6  0D         	DEC	C

20B7  0A         	LD	A,(BC)

20B8  00         	NOP

20B9  31 32 38   	LD	SP,3832H

20BC  32 35 36   	LD	(3635H),A

20BF  35         	DEC	(HL)

20C0  31 32 20   	LD	SP,2032H

20C3  31 4B 20   	LD	SP,204BH

20C6  20 20      	JR	NZ,20E8H

20C8  20 55      	JR	NZ,211FH

20CA  6E         	LD	L,(HL)

20CB  64         	LD	H,H

20CC  65         	LD	H,L

20CD  66         	LD	H,(HL)

20CE  69         	LD	L,C

20CF  6E         	LD	L,(HL)

20D0  65         	LD	H,L

20D1  64         	LD	H,H

20D2  20 64      	JR	NZ,2138H

20D4  69         	LD	L,C

20D5  73         	LD	(HL),E

20D6  6B         	LD	L,E

20D7  20 64      	JR	NZ,213DH

20D9  72         	LD	(HL),D

20DA  69         	LD	L,C

20DB  76         	HALT

20DC  65         	LD	H,L

20DD  0D         	DEC	C

20DE  0A         	LD	A,(BC)

20DF  00         	NOP

20E0  20 20      	JR	NZ,2102H

20E2  20 20      	JR	NZ,2104H

20E4  46         	LD	B,(HL)

20E5  69         	LD	L,C

20E6  78         	LD	A,B

20E7  65         	LD	H,L

20E8  64         	LD	H,H

20E9  20 73      	JR	NZ,215EH

20EB  74         	LD	(HL),H

20EC  6F         	LD	L,A

20ED  72         	LD	(HL),D

20EE  61         	LD	H,C

20EF  67         	LD	H,A

20F0  65         	LD	H,L

20F1  20 64      	JR	NZ,2157H

20F3  65         	LD	H,L

20F4  76         	HALT

20F5  69         	LD	L,C

20F6  63         	LD	H,E

20F7  65         	LD	H,L

20F8  0D         	DEC	C

20F9  0A         	LD	A,(BC)

20FA  00         	NOP

20FB  20 20      	JR	NZ,211DH

20FD  20 20      	JR	NZ,211FH

20FF  48         	LD	C,B

2100  61         	LD	H,C

2101  72         	LD	(HL),D

2102  64         	LD	H,H

2103  20 44      	JR	NZ,2149H

2105  69         	LD	L,C

2106  73         	LD	(HL),E

2107  6B         	LD	L,E

2108  20 64      	JR	NZ,216EH

210A  72         	LD	(HL),D

210B  69         	LD	L,C

210C  76         	HALT

210D  65         	LD	H,L

210E  0D         	DEC	C

210F  0A         	LD	A,(BC)

2110  00         	NOP

2111  1B         	DEC	DE

2112  3D         	DEC	A

2113  23         	INC	HL

2114  20 19      	JR	NZ,212FH

2116  0A         	LD	A,(BC)

2117  0A         	LD	A,(BC)

2118  43         	LD	B,E

2119  68         	LD	L,B

211A  6F         	LD	L,A

211B  6F         	LD	L,A

211C  73         	LD	(HL),E

211D  65         	LD	H,L

211E  20 74      	JR	NZ,2194H

2120  68         	LD	L,B

2121  65         	LD	H,L

2122  20 66      	JR	NZ,218AH

2124  6F         	LD	L,A

2125  72         	LD	(HL),D

2126  6D         	LD	L,L

2127  61         	LD	H,C

2128  74         	LD	(HL),H

2129  20 74      	JR	NZ,219FH

212B  6F         	LD	L,A

212C  20 62      	JR	NZ,2190H

212E  65         	LD	H,L

212F  20 75      	JR	NZ,21A6H

2131  73         	LD	(HL),E

2132  65         	LD	H,L

2133  64         	LD	H,H

2134  20 66      	JR	NZ,219CH

2136  6F         	LD	L,A

2137  72         	LD	(HL),D

2138  20 64      	JR	NZ,219EH

213A  72         	LD	(HL),D

213B  69         	LD	L,C

213C  76         	HALT

213D  65         	LD	H,L

213E  20 58      	JR	NZ,2198H

2140  3A 0D 0A   	LD	A,(0A0DH)

2143  0A         	LD	A,(BC)

2144  00         	NOP

2145  00         	NOP

2146  00         	NOP

2147  00         	NOP

2148  00         	NOP

2149  00         	NOP

214A  00         	NOP

214B  00         	NOP

214C  00         	NOP

214D  00         	NOP

214E  00         	NOP

214F  00         	NOP

2150  00         	NOP

2151  00         	NOP

2152  00         	NOP

2153  00         	NOP

2154  00         	NOP

2155  00         	NOP

2156  00         	NOP

2157  00         	NOP

2158  00         	NOP

2159  00         	NOP

215A  00         	NOP

215B  00         	NOP

215C  00         	NOP

215D  00         	NOP

215E  00         	NOP

215F  00         	NOP

2160  00         	NOP

2161  00         	NOP

2162  00         	NOP

2163  00         	NOP

2164  00         	NOP

2165  00         	NOP

2166  00         	NOP

2167  00         	NOP

2168  00         	NOP

2169  00         	NOP

216A  00         	NOP

216B  00         	NOP

216C  00         	NOP

216D  00         	NOP

216E  00         	NOP

216F  00         	NOP

2170  00         	NOP

2171  00         	NOP

2172  00         	NOP

2173  00         	NOP

2174  00         	NOP

2175  00         	NOP

2176  00         	NOP

2177  00         	NOP

2178  00         	NOP

2179  00         	NOP

217A  00         	NOP

217B  00         	NOP

217C  00         	NOP

217D  00         	NOP

217E  00         	NOP

217F  00         	NOP

2180  00         	NOP

2181  00         	NOP

2182  00         	NOP

2183  00         	NOP

2184  00         	NOP

2185  00         	NOP

2186  00         	NOP

2187  00         	NOP

2188  00         	NOP

2189  00         	NOP

218A  00         	NOP

218B  00         	NOP

218C  00         	NOP

218D  00         	NOP

218E  00         	NOP

218F  00         	NOP

2190  00         	NOP

2191  00         	NOP

2192  00         	NOP

2193  00         	NOP

2194  00         	NOP

2195  00         	NOP

2196  00         	NOP

2197  00         	NOP

2198  00         	NOP

2199  00         	NOP

219A  00         	NOP

219B  00         	NOP

219C  00         	NOP

219D  00         	NOP

219E  00         	NOP

219F  00         	NOP

21A0  00         	NOP

21A1  00         	NOP

21A2  00         	NOP

21A3  00         	NOP

21A4  00         	NOP

21A5  00         	NOP

21A6  00         	NOP

21A7  00         	NOP

21A8  00         	NOP

21A9  00         	NOP

21AA  00         	NOP

21AB  00         	NOP

21AC  00         	NOP

21AD  00         	NOP

21AE  00         	NOP

21AF  00         	NOP

21B0  00         	NOP

21B1  00         	NOP

21B2  00         	NOP

21B3  00         	NOP

21B4  00         	NOP

21B5  00         	NOP

21B6  00         	NOP

21B7  00         	NOP

21B8  00         	NOP

21B9  00         	NOP

21BA  00         	NOP

21BB  00         	NOP

21BC  00         	NOP

21BD  00         	NOP

21BE  00         	NOP

21BF  00         	NOP

21C0  00         	NOP

21C1  00         	NOP

21C2  00         	NOP

21C3  00         	NOP

21C4  00         	NOP

21C5  00         	NOP

21C6  00         	NOP

21C7  00         	NOP

21C8  00         	NOP

21C9  00         	NOP

21CA  00         	NOP

21CB  00         	NOP

21CC  00         	NOP

21CD  00         	NOP

21CE  00         	NOP

21CF  00         	NOP

21D0  00         	NOP

21D1  00         	NOP

21D2  00         	NOP

21D3  00         	NOP

21D4  00         	NOP

21D5  00         	NOP

21D6  00         	NOP

21D7  00         	NOP

21D8  00         	NOP

21D9  00         	NOP

21DA  00         	NOP

21DB  00         	NOP

21DC  00         	NOP

21DD  00         	NOP

21DE  00         	NOP

21DF  00         	NOP

21E0  00         	NOP

21E1  00         	NOP

21E2  00         	NOP

21E3  00         	NOP

21E4  00         	NOP

21E5  00         	NOP

21E6  00         	NOP

21E7  00         	NOP

21E8  00         	NOP

21E9  00         	NOP

21EA  00         	NOP

21EB  00         	NOP

21EC  00         	NOP

21ED  00         	NOP

21EE  00         	NOP

21EF  00         	NOP

21F0  00         	NOP

21F1  00         	NOP

21F2  00         	NOP

21F3  00         	NOP

21F4  00         	NOP

21F5  00         	NOP

21F6  00         	NOP

21F7  00         	NOP

21F8  00         	NOP

21F9  00         	NOP

21FA  00         	NOP

21FB  00         	NOP

21FC  00         	NOP

21FD  00         	NOP

21FE  00         	NOP

21FF  00         	NOP

2200  00         	NOP

2201  00         	NOP

2202  00         	NOP

2203  00         	NOP

2204  00         	NOP

2205  00         	NOP

2206  00         	NOP

2207  00         	NOP

2208  00         	NOP

2209  00         	NOP

220A  00         	NOP

220B  00         	NOP

220C  00         	NOP

220D  00         	NOP

220E  00         	NOP

220F  00         	NOP

2210  00         	NOP

2211  00         	NOP

2212  00         	NOP

2213  00         	NOP

2214  00         	NOP

2215  00         	NOP

2216  00         	NOP

2217  00         	NOP

2218  00         	NOP

2219  00         	NOP

221A  00         	NOP

221B  00         	NOP

221C  00         	NOP

221D  00         	NOP

221E  00         	NOP

221F  00         	NOP

2220  00         	NOP

2221  00         	NOP

2222  00         	NOP

2223  00         	NOP

2224  00         	NOP

2225  00         	NOP

2226  00         	NOP

2227  00         	NOP

2228  00         	NOP

2229  00         	NOP

222A  00         	NOP

222B  00         	NOP

222C  00         	NOP

222D  00         	NOP

222E  00         	NOP

222F  00         	NOP

2230  00         	NOP

2231  00         	NOP

2232  00         	NOP

2233  00         	NOP

2234  00         	NOP

2235  00         	NOP

2236  00         	NOP

2237  00         	NOP

2238  00         	NOP

2239  00         	NOP

223A  00         	NOP

223B  00         	NOP

223C  00         	NOP

223D  00         	NOP

223E  00         	NOP

223F  00         	NOP

2240  00         	NOP

2241  00         	NOP

2242  00         	NOP

2243  00         	NOP

2244  00         	NOP

2245  00         	NOP

2246  00         	NOP

2247  00         	NOP

2248  00         	NOP

2249  00         	NOP

224A  00         	NOP

224B  00         	NOP

224C  00         	NOP

224D  00         	NOP

224E  00         	NOP

224F  00         	NOP

2250  00         	NOP

2251  00         	NOP

2252  00         	NOP

2253  00         	NOP

2254  00         	NOP

2255  00         	NOP

2256  00         	NOP

2257  00         	NOP

2258  00         	NOP

2259  00         	NOP

225A  00         	NOP

225B  00         	NOP

225C  00         	NOP

225D  00         	NOP

225E  00         	NOP

225F  00         	NOP

2260  00         	NOP

2261  00         	NOP

2262  00         	NOP

2263  00         	NOP

2264  00         	NOP

2265  00         	NOP

2266  00         	NOP

2267  00         	NOP

2268  00         	NOP

2269  00         	NOP

226A  00         	NOP

226B  00         	NOP

226C  00         	NOP

226D  00         	NOP

226E  00         	NOP

226F  00         	NOP

2270  00         	NOP

2271  00         	NOP

2272  00         	NOP

2273  00         	NOP

2274  00         	NOP

2275  00         	NOP

2276  00         	NOP

2277  00         	NOP

2278  00         	NOP

2279  00         	NOP

227A  00         	NOP

227B  00         	NOP

227C  00         	NOP

227D  00         	NOP

227E  00         	NOP

227F  00         	NOP

2280  00         	NOP

2281  00         	NOP

2282  00         	NOP

2283  00         	NOP

2284  00         	NOP

2285  00         	NOP

2286  00         	NOP

2287  00         	NOP

2288  00         	NOP

2289  00         	NOP

228A  00         	NOP

228B  00         	NOP

228C  00         	NOP

228D  00         	NOP

228E  00         	NOP

228F  00         	NOP

2290  00         	NOP

2291  00         	NOP

2292  00         	NOP

2293  00         	NOP

2294  00         	NOP

2295  00         	NOP

2296  00         	NOP

2297  00         	NOP

2298  00         	NOP

2299  00         	NOP

229A  00         	NOP

229B  00         	NOP

229C  00         	NOP

229D  00         	NOP

229E  00         	NOP

229F  00         	NOP

22A0  00         	NOP

22A1  00         	NOP

22A2  00         	NOP

22A3  00         	NOP

22A4  00         	NOP

22A5  00         	NOP

22A6  00         	NOP

22A7  00         	NOP

22A8  00         	NOP

22A9  00         	NOP

22AA  00         	NOP

22AB  00         	NOP

22AC  00         	NOP

22AD  00         	NOP

22AE  00         	NOP

22AF  00         	NOP

22B0  00         	NOP

22B1  00         	NOP

22B2  00         	NOP

22B3  00         	NOP

22B4  00         	NOP

22B5  00         	NOP

22B6  00         	NOP

22B7  00         	NOP

22B8  00         	NOP

22B9  00         	NOP

22BA  00         	NOP

22BB  00         	NOP

22BC  00         	NOP

22BD  00         	NOP

22BE  00         	NOP

22BF  00         	NOP

22C0  00         	NOP

22C1  00         	NOP

22C2  00         	NOP

22C3  00         	NOP

22C4  00         	NOP

22C5  00         	NOP

22C6  00         	NOP

22C7  00         	NOP

22C8  00         	NOP

22C9  00         	NOP

22CA  00         	NOP

22CB  00         	NOP

22CC  00         	NOP

22CD  00         	NOP

22CE  00         	NOP

22CF  00         	NOP

22D0  00         	NOP

22D1  00         	NOP

22D2  00         	NOP

22D3  00         	NOP

22D4  00         	NOP

22D5  00         	NOP

22D6  00         	NOP

22D7  00         	NOP

22D8  00         	NOP

22D9  00         	NOP

22DA  00         	NOP

22DB  00         	NOP

22DC  00         	NOP

22DD  00         	NOP

22DE  00         	NOP

22DF  00         	NOP

22E0  00         	NOP

22E1  00         	NOP

22E2  00         	NOP

22E3  00         	NOP

22E4  00         	NOP

22E5  00         	NOP

22E6  00         	NOP

22E7  00         	NOP

22E8  00         	NOP

22E9  00         	NOP

22EA  00         	NOP

22EB  00         	NOP

22EC  00         	NOP

22ED  00         	NOP

22EE  00         	NOP

22EF  00         	NOP

22F0  00         	NOP

22F1  00         	NOP

22F2  00         	NOP

22F3  00         	NOP

22F4  00         	NOP

22F5  00         	NOP

22F6  00         	NOP

22F7  00         	NOP

22F8  00         	NOP

22F9  00         	NOP

22FA  00         	NOP

22FB  00         	NOP

22FC  00         	NOP

22FD  00         	NOP

22FE  00         	NOP

22FF  00         	NOP

2300  00         	NOP

2301  00         	NOP

2302  00         	NOP

2303  00         	NOP

2304  00         	NOP

2305  00         	NOP

2306  00         	NOP

2307  00         	NOP

2308  00         	NOP

2309  00         	NOP

230A  00         	NOP

230B  00         	NOP

230C  00         	NOP

230D  00         	NOP

230E  00         	NOP

230F  00         	NOP

2310  00         	NOP

2311  00         	NOP

2312  00         	NOP

2313  00         	NOP

2314  00         	NOP

2315  00         	NOP

2316  00         	NOP

2317  00         	NOP

2318  00         	NOP

2319  00         	NOP

231A  00         	NOP

231B  00         	NOP

231C  00         	NOP

231D  00         	NOP

231E  00         	NOP

231F  00         	NOP

2320  00         	NOP

2321  00         	NOP

2322  00         	NOP

2323  00         	NOP

2324  00         	NOP

2325  00         	NOP

2326  00         	NOP

2327  00         	NOP

2328  00         	NOP

2329  00         	NOP

232A  00         	NOP

232B  00         	NOP

232C  00         	NOP

232D  00         	NOP

232E  00         	NOP

232F  00         	NOP

2330  00         	NOP

2331  00         	NOP

2332  00         	NOP

2333  00         	NOP

2334  00         	NOP

2335  00         	NOP

2336  00         	NOP

2337  00         	NOP

2338  00         	NOP

2339  00         	NOP

233A  00         	NOP

233B  00         	NOP

233C  00         	NOP

233D  00         	NOP

233E  00         	NOP

233F  00         	NOP

2340  00         	NOP

2341  00         	NOP

2342  00         	NOP

2343  00         	NOP

2344  00         	NOP

2345  00         	NOP

2346  00         	NOP

2347  00         	NOP

2348  00         	NOP

2349  00         	NOP

234A  00         	NOP

234B  00         	NOP

234C  00         	NOP

234D  00         	NOP

234E  00         	NOP

234F  00         	NOP

2350  00         	NOP

2351  00         	NOP

2352  00         	NOP

2353  00         	NOP

2354  00         	NOP

2355  00         	NOP

2356  00         	NOP

2357  00         	NOP

2358  00         	NOP

2359  00         	NOP

235A  00         	NOP

235B  00         	NOP

235C  00         	NOP

235D  00         	NOP

235E  00         	NOP

235F  00         	NOP

2360  00         	NOP

2361  00         	NOP

2362  00         	NOP

2363  00         	NOP

2364  00         	NOP

2365  00         	NOP

2366  00         	NOP

2367  00         	NOP

2368  00         	NOP

2369  00         	NOP

236A  00         	NOP

236B  00         	NOP

236C  00         	NOP

236D  00         	NOP

236E  00         	NOP

236F  00         	NOP

2370  00         	NOP

2371  00         	NOP

2372  00         	NOP

2373  00         	NOP

2374  00         	NOP

2375  00         	NOP

2376  00         	NOP

2377  00         	NOP

2378  00         	NOP

2379  00         	NOP

237A  00         	NOP

237B  00         	NOP

237C  00         	NOP

237D  00         	NOP

237E  00         	NOP

237F  00         	NOP

2380  00         	NOP

2381  00         	NOP

2382  00         	NOP

2383  00         	NOP

2384  00         	NOP

2385  00         	NOP

2386  00         	NOP

2387  4D         	LD	C,L

2388  6F         	LD	L,A

2389  72         	LD	(HL),D

238A  65         	LD	H,L

238B  20 66      	JR	NZ,23F3H

238D  6F         	LD	L,A

238E  72         	LD	(HL),D

238F  6D         	LD	L,L

2390  61         	LD	H,C

2391  74         	LD	(HL),H

2392  20 63      	JR	NZ,23F7H

2394  68         	LD	L,B

2395  6F         	LD	L,A

2396  69         	LD	L,C

2397  63         	LD	H,E

2398  65         	LD	H,L

2399  73         	LD	(HL),E

239A  0D         	DEC	C

239B  0A         	LD	A,(BC)

239C  0A         	LD	A,(BC)

239D  00         	NOP

239E  1B         	DEC	DE

239F  3D         	DEC	A

23A0  25         	DEC	H

23A1  20 19      	JR	NZ,23BCH

23A3  46         	LD	B,(HL)

23A4  6F         	LD	L,A

23A5  72         	LD	(HL),D

23A6  6D         	LD	L,L

23A7  61         	LD	H,C

23A8  74         	LD	(HL),H

23A9  20 73      	JR	NZ,241EH

23AB  65         	LD	H,L

23AC  6C         	LD	L,H

23AD  65         	LD	H,L

23AE  63         	LD	H,E

23AF  74         	LD	(HL),H

23B0  65         	LD	H,L

23B1  64         	LD	H,H

23B2  20 66      	JR	NZ,241AH

23B4  6F         	LD	L,A

23B5  72         	LD	(HL),D

23B6  20 64      	JR	NZ,241CH

23B8  72         	LD	(HL),D

23B9  69         	LD	L,C

23BA  76         	HALT

23BB  65         	LD	H,L

23BC  20 58      	JR	NZ,2416H

23BE  3A 0D 0A   	LD	A,(0A0DH)

23C1  3E 3E      	LD	A,3EH

23C3  2D         	DEC	L

23C4  2D         	DEC	L

23C5  3E 20      	LD	A,20H

23C7  00         	NOP

23C8  1B         	DEC	DE

23C9  3D         	DEC	A

23CA  2B         	DEC	HL

23CB  20 19      	JR	NZ,23E6H

23CD  57         	LD	D,A

23CE  68         	LD	L,B

23CF  69         	LD	L,C

23D0  63         	LD	H,E

23D1  68         	LD	L,B

23D2  20 70      	JR	NZ,2444H

23D4  68         	LD	L,B

23D5  79         	LD	A,C

23D6  73         	LD	(HL),E

23D7  69         	LD	L,C

23D8  63         	LD	H,E

23D9  61         	LD	H,C

23DA  6C         	LD	L,H

23DB  20 64      	JR	NZ,2441H

23DD  69         	LD	L,C

23DE  73         	LD	(HL),E

23DF  6B         	LD	L,E

23E0  20 64      	JR	NZ,2446H

23E2  72         	LD	(HL),D

23E3  69         	LD	L,C

23E4  76         	HALT

23E5  65         	LD	H,L

23E6  20 69      	JR	NZ,2451H

23E8  73         	LD	(HL),E

23E9  20 74      	JR	NZ,245FH

23EB  6F         	LD	L,A

23EC  20 62      	JR	NZ,2450H

23EE  65         	LD	H,L

23EF  20 75      	JR	NZ,2466H

23F1  73         	LD	(HL),E

23F2  65         	LD	H,L

23F3  64         	LD	H,H

23F4  20 5B      	JR	NZ,2451H

23F6  30 2D      	JR	NC,2425H

23F8  58         	LD	E,B

23F9  5D         	LD	E,L

23FA  20 3F      	JR	NZ,243BH

23FC  20 00      	JR	NZ,23FEH

23FE  0D         	DEC	C

23FF  0A         	LD	A,(BC)

2400  0A         	LD	A,(BC)

2401  07         	RLCA

2402  44         	LD	B,H

2403  69         	LD	L,C

2404  73         	LD	(HL),E

2405  6B         	LD	L,E

2406  20 66      	JR	NZ,246EH

2408  6F         	LD	L,A

2409  72         	LD	(HL),D

240A  6D         	LD	L,L

240B  61         	LD	H,C

240C  74         	LD	(HL),H

240D  20 69      	JR	NZ,2478H

240F  73         	LD	(HL),E

2410  20 69      	JR	NZ,247BH

2412  6E         	LD	L,(HL)

2413  63         	LD	H,E

2414  6F         	LD	L,A

2415  6D         	LD	L,L

2416  70         	LD	(HL),B

2417  61         	LD	H,C

2418  74         	LD	(HL),H

2419  69         	LD	L,C

241A  62         	LD	H,D

241B  6C         	LD	L,H

241C  65         	LD	H,L

241D  20 77      	JR	NZ,2496H

241F  69         	LD	L,C

2420  74         	LD	(HL),H

2421  68         	LD	L,B

2422  20 74      	JR	NZ,2498H

2424  68         	LD	L,B

2425  69         	LD	L,C

2426  73         	LD	(HL),E

2427  20 64      	JR	NZ,248DH

2429  72         	LD	(HL),D

242A  69         	LD	L,C

242B  76         	HALT

242C  65         	LD	H,L

242D  21 20 20   	LD	HL,2020H

2430  50         	LD	D,B

2431  75         	LD	(HL),L

2432  73         	LD	(HL),E

2433  68         	LD	L,B

2434  20 45      	JR	NZ,247BH

2436  4E         	LD	C,(HL)

2437  54         	LD	D,H

2438  45         	LD	B,L

2439  52         	LD	D,D

243A  20 66      	JR	NZ,24A2H

243C  6F         	LD	L,A

243D  72         	LD	(HL),D

243E  20 6D      	JR	NZ,24ADH

2440  65         	LD	H,L

2441  6E         	LD	L,(HL)

2442  75         	LD	(HL),L

2443  2E 00      	LD	L,0H

2445  1A         	LD	A,(DE)

2446  16 15      	LD	D,15H

2448  0D         	DEC	C

2449  0A         	LD	A,(BC)

244A  20 20      	JR	NZ,246CH

244C  20 20      	JR	NZ,246EH

244E  53         	LD	D,E

244F  61         	LD	H,C

2450  76         	HALT

2451  65         	LD	H,L

2452  20 63      	JR	NZ,24B7H

2454  75         	LD	(HL),L

2455  72         	LD	(HL),D

2456  72         	LD	(HL),D

2457  65         	LD	H,L

2458  6E         	LD	L,(HL)

2459  74         	LD	(HL),H

245A  20 63      	JR	NZ,24BFH

245C  6F         	LD	L,A

245D  6E         	LD	L,(HL)

245E  66         	LD	H,(HL)

245F  69         	LD	L,C

2460  67         	LD	H,A

2461  75         	LD	(HL),L

2462  72         	LD	(HL),D

2463  61         	LD	H,C

2464  74         	LD	(HL),H

2465  69         	LD	L,C

2466  6F         	LD	L,A

2467  6E         	LD	L,(HL)

2468  15         	DEC	D

2469  0D         	DEC	C

246A  0A         	LD	A,(BC)

246B  15         	DEC	D

246C  0D         	DEC	C

246D  0A         	LD	A,(BC)

246E  16 0A      	LD	D,0AH

2470  0A         	LD	A,(BC)

2471  00         	NOP

2472  1B         	DEC	DE

2473  3D         	DEC	A

2474  25         	DEC	H

2475  20 19      	JR	NZ,2490H

2477  53         	LD	D,E

2478  61         	LD	H,C

2479  76         	HALT

247A  65         	LD	H,L

247B  20 63      	JR	NZ,24E0H

247D  6F         	LD	L,A

247E  6E         	LD	L,(HL)

247F  66         	LD	H,(HL)

2480  69         	LD	L,C

2481  67         	LD	H,A

2482  75         	LD	(HL),L

2483  72         	LD	(HL),D

2484  61         	LD	H,C

2485  74         	LD	(HL),H

2486  69         	LD	L,C

2487  6F         	LD	L,A

2488  6E         	LD	L,(HL)

2489  20 74      	JR	NZ,24FFH

248B  6F         	LD	L,A

248C  20 77      	JR	NZ,2505H

248E  68         	LD	L,B

248F  69         	LD	L,C

2490  63         	LD	H,E

2491  68         	LD	L,B

2492  20 64      	JR	NZ,24F8H

2494  72         	LD	(HL),D

2495  69         	LD	L,C

2496  76         	HALT

2497  65         	LD	H,L

2498  20 5B      	JR	NZ,24F5H

249A  20 41      	JR	NZ,24DDH

249C  2C         	INC	L

249D  20 42      	JR	NZ,24E1H

249F  2C         	INC	L

24A0  20 2E      	JR	NZ,24D0H

24A2  2E 2E      	LD	L,2EH

24A4  2C         	INC	L

24A5  20 50      	JR	NZ,24F7H

24A7  20 5D      	JR	NZ,2506H

24A9  3F         	CCF

24AA  20 20      	JR	NZ,24CCH

24AC  00         	NOP

24AD  0D         	DEC	C

24AE  0A         	LD	A,(BC)

24AF  07         	RLCA

24B0  20 20      	JR	NZ,24D2H

24B2  20 43      	JR	NZ,24F7H

24B4  61         	LD	H,C

24B5  6E         	LD	L,(HL)

24B6  6E         	LD	L,(HL)

24B7  6F         	LD	L,A

24B8  74         	LD	(HL),H

24B9  20 73      	JR	NZ,252EH

24BB  61         	LD	H,C

24BC  76         	HALT

24BD  65         	LD	H,L

24BE  20 63      	JR	NZ,2523H

24C0  6F         	LD	L,A

24C1  6E         	LD	L,(HL)

24C2  66         	LD	H,(HL)

24C3  69         	LD	L,C

24C4  67         	LD	H,A

24C5  75         	LD	(HL),L

24C6  72         	LD	(HL),D

24C7  61         	LD	H,C

24C8  74         	LD	(HL),H

24C9  69         	LD	L,C

24CA  6F         	LD	L,A

24CB  6E         	LD	L,(HL)

24CC  20 6F      	JR	NZ,253DH

24CE  6E         	LD	L,(HL)

24CF  20 74      	JR	NZ,2545H

24D1  68         	LD	L,B

24D2  61         	LD	H,C

24D3  74         	LD	(HL),H

24D4  20 64      	JR	NZ,253AH

24D6  72         	LD	(HL),D

24D7  69         	LD	L,C

24D8  76         	HALT

24D9  65         	LD	H,L

24DA  21 20 20   	LD	HL,2020H

24DD  50         	LD	D,B

24DE  75         	LD	(HL),L

24DF  73         	LD	(HL),E

24E0  68         	LD	L,B

24E1  20 45      	JR	NZ,2528H

24E3  4E         	LD	C,(HL)

24E4  54         	LD	D,H

24E5  45         	LD	B,L

24E6  52         	LD	D,D

24E7  20 74      	JR	NZ,255DH

24E9  6F         	LD	L,A

24EA  20 74      	JR	NZ,2560H

24EC  72         	LD	(HL),D

24ED  79         	LD	A,C

24EE  20 61      	JR	NZ,2551H

24F0  67         	LD	H,A

24F1  61         	LD	H,C

24F2  69         	LD	L,C

24F3  6E         	LD	L,(HL)

24F4  2E 00      	LD	L,0H

24F6  1B         	DEC	DE

24F7  3D         	DEC	A

24F8  28 20      	JR	Z,251AH

24FA  19         	ADD	HL,DE

24FB  45         	LD	B,L

24FC  6E         	LD	L,(HL)

24FD  74         	LD	(HL),H

24FE  65         	LD	H,L

24FF  72         	LD	(HL),D

2500  20 74      	JR	NZ,2576H

2502  68         	LD	L,B

2503  65         	LD	H,L

2504  20 43      	JR	NZ,2549H

2506  50         	LD	D,B

2507  2F         	CPL

2508  4D         	LD	C,L

2509  20 63      	JR	NZ,256EH

250B  6F         	LD	L,A

250C  6D         	LD	L,L

250D  6D         	LD	L,L

250E  61         	LD	H,C

250F  6E         	LD	L,(HL)

2510  64         	LD	H,H

2511  20 6F      	JR	NZ,2582H

2513  72         	LD	(HL),D

2514  20 70      	JR	NZ,2586H

2516  72         	LD	(HL),D

2517  6F         	LD	L,A

2518  67         	LD	H,A

2519  72         	LD	(HL),D

251A  61         	LD	H,C

251B  6D         	LD	L,L

251C  20 6E      	JR	NZ,258CH

251E  61         	LD	H,C

251F  6D         	LD	L,L

2520  65         	LD	H,L

2521  20 74      	JR	NZ,2597H

2523  6F         	LD	L,A

2524  20 61      	JR	NZ,2587H

2526  75         	LD	(HL),L

2527  74         	LD	(HL),H

2528  6F         	LD	L,A

2529  6D         	LD	L,L

252A  61         	LD	H,C

252B  74         	LD	(HL),H

252C  69         	LD	L,C

252D  63         	LD	H,E

252E  61         	LD	H,C

252F  6C         	LD	L,H

2530  6C         	LD	L,H

2531  79         	LD	A,C

2532  20 65      	JR	NZ,2599H

2534  78         	LD	A,B

2535  65         	LD	H,L

2536  63         	LD	H,E

2537  75         	LD	(HL),L

2538  74         	LD	(HL),H

2539  65         	LD	H,L

253A  20 6F      	JR	NZ,25ABH

253C  6E         	LD	L,(HL)

253D  20 52      	JR	NZ,2591H

253F  45         	LD	B,L

2540  53         	LD	D,E

2541  45         	LD	B,L

2542  54         	LD	D,H

2543  2C         	INC	L

2544  0D         	DEC	C

2545  0A         	LD	A,(BC)

2546  6F         	LD	L,A

2547  72         	LD	(HL),D

2548  20 70      	JR	NZ,25BAH

254A  75         	LD	(HL),L

254B  73         	LD	(HL),E

254C  68         	LD	L,B

254D  20 45      	JR	NZ,2594H

254F  4E         	LD	C,(HL)

2550  54         	LD	D,H

2551  45         	LD	B,L

2552  52         	LD	D,D

2553  20 61      	JR	NZ,25B6H

2555  6C         	LD	L,H

2556  6F         	LD	L,A

2557  6E         	LD	L,(HL)

2558  65         	LD	H,L

2559  20 69      	JR	NZ,25C4H

255B  66         	LD	H,(HL)

255C  20 6E      	JR	NZ,25CCH

255E  6F         	LD	L,A

255F  20 61      	JR	NZ,25C2H

2561  75         	LD	(HL),L

2562  74         	LD	(HL),H

2563  6F         	LD	L,A

2564  6D         	LD	L,L

2565  61         	LD	H,C

2566  74         	LD	(HL),H

2567  69         	LD	L,C

2568  63         	LD	H,E

2569  20 65      	JR	NZ,25D0H

256B  78         	LD	A,B

256C  65         	LD	H,L

256D  63         	LD	H,E

256E  75         	LD	(HL),L

256F  74         	LD	(HL),H

2570  69         	LD	L,C

2571  6F         	LD	L,A

2572  6E         	LD	L,(HL)

2573  20 69      	JR	NZ,25DEH

2575  73         	LD	(HL),E

2576  20 64      	JR	NZ,25DCH

2578  65         	LD	H,L

2579  73         	LD	(HL),E

257A  69         	LD	L,C

257B  72         	LD	(HL),D

257C  65         	LD	H,L

257D  64         	LD	H,H

257E  2E 0D      	LD	L,0DH

2580  0A         	LD	A,(BC)

2581  20 20      	JR	NZ,25A3H

2583  43         	LD	B,E

2584  6F         	LD	L,A

2585  6D         	LD	L,L

2586  6D         	LD	L,L

2587  61         	LD	H,C

2588  6E         	LD	L,(HL)

2589  64         	LD	H,H

258A  3A 20 00   	LD	A,(20H)

258D  1B         	DEC	DE

258E  3D         	DEC	A

258F  2D         	DEC	L

2590  20 19      	JR	NZ,25ABH

2592  44         	LD	B,H

2593  69         	LD	L,C

2594  73         	LD	(HL),E

2595  70         	LD	(HL),B

2596  6C         	LD	L,H

2597  61         	LD	H,C

2598  79         	LD	A,C

2599  20 43      	JR	NZ,25DEH

259B  50         	LD	D,B

259C  2F         	CPL

259D  4D         	LD	C,L

259E  20 62      	JR	NZ,2602H

25A0  61         	LD	H,C

25A1  6E         	LD	L,(HL)

25A2  6E         	LD	L,(HL)

25A3  65         	LD	H,L

25A4  72         	LD	(HL),D

25A5  20 6F      	JR	NZ,2616H

25A7  6E         	LD	L,(HL)

25A8  20 52      	JR	NZ,25FCH

25AA  45         	LD	B,L

25AB  53         	LD	D,E

25AC  45         	LD	B,L

25AD  54         	LD	D,H

25AE  20 28      	JR	NZ,25D8H

25B0  59         	LD	E,C

25B1  2F         	CPL

25B2  4E         	LD	C,(HL)

25B3  29         	ADD	HL,HL

25B4  3F         	CCF

25B5  20 00      	JR	NZ,25B7H

25B7  1B         	DEC	DE

25B8  3D         	DEC	A

25B9  2F         	CPL

25BA  20 19      	JR	NZ,25D5H

25BC  41         	LD	B,C

25BD  63         	LD	H,E

25BE  74         	LD	(HL),H

25BF  69         	LD	L,C

25C0  76         	HALT

25C1  61         	LD	H,C

25C2  74         	LD	(HL),H

25C3  65         	LD	H,L

25C4  20 64      	JR	NZ,262AH

25C6  72         	LD	(HL),D

25C7  69         	LD	L,C

25C8  76         	HALT

25C9  65         	LD	H,L

25CA  20 4D      	JR	NZ,2619H

25CC  3A 20 69   	LD	A,(6920H)

25CF  66         	LD	H,(HL)

25D0  20 31      	JR	NZ,2603H

25D2  32 38 6B   	LD	(6B38H),A

25D5  20 73      	JR	NZ,264AH

25D7  79         	LD	A,C

25D8  73         	LD	(HL),E

25D9  74         	LD	(HL),H

25DA  65         	LD	H,L

25DB  6D         	LD	L,L

25DC  20 28      	JR	NZ,2606H

25DE  59         	LD	E,C

25DF  2F         	CPL

25E0  4E         	LD	C,(HL)

25E1  29         	ADD	HL,HL

25E2  3F         	CCF

25E3  20 00      	JR	NZ,25E5H

25E5  1B         	DEC	DE

25E6  3D         	DEC	A

25E7  31 20 19   	LD	SP,1920H

25EA  53         	LD	D,E

25EB  61         	LD	H,C

25EC  76         	HALT

25ED  69         	LD	L,C

25EE  6E         	LD	L,(HL)

25EF  67         	LD	H,A

25F0  20 73      	JR	NZ,2665H

25F2  79         	LD	A,C

25F3  73         	LD	(HL),E

25F4  74         	LD	(HL),H

25F5  65         	LD	H,L

25F6  6D         	LD	L,L

25F7  20 63      	JR	NZ,265CH

25F9  6F         	LD	L,A

25FA  6E         	LD	L,(HL)

25FB  66         	LD	H,(HL)

25FC  69         	LD	L,C

25FD  67         	LD	H,A

25FE  75         	LD	(HL),L

25FF  72         	LD	(HL),D

2600  61         	LD	H,C

2601  74         	LD	(HL),H

2602  69         	LD	L,C

2603  6F         	LD	L,A

2604  6E         	LD	L,(HL)

2605  20 2E      	JR	NZ,2635H

2607  2E 2E      	LD	L,2EH

2609  0D         	DEC	C

260A  0A         	LD	A,(BC)

260B  0A         	LD	A,(BC)

260C  00         	NOP

260D  1B         	DEC	DE

260E  3D         	DEC	A

260F  33         	INC	SP

2610  20 19      	JR	NZ,262BH

2612  07         	RLCA

2613  44         	LD	B,H

2614  69         	LD	L,C

2615  73         	LD	(HL),E

2616  6B         	LD	L,E

2617  20 77      	JR	NZ,2690H

2619  72         	LD	(HL),D

261A  69         	LD	L,C

261B  74         	LD	(HL),H

261C  65         	LD	H,L

261D  20 65      	JR	NZ,2684H

261F  72         	LD	(HL),D

2620  72         	LD	(HL),D

2621  6F         	LD	L,A

2622  72         	LD	(HL),D

2623  21 20 20   	LD	HL,2020H

2626  53         	LD	D,E

2627  61         	LD	H,C

2628  76         	HALT

2629  65         	LD	H,L

262A  64         	LD	H,H

262B  20 63      	JR	NZ,2690H

262D  6F         	LD	L,A

262E  6E         	LD	L,(HL)

262F  66         	LD	H,(HL)

2630  69         	LD	L,C

2631  67         	LD	H,A

2632  75         	LD	(HL),L

2633  72         	LD	(HL),D

2634  61         	LD	H,C

2635  74         	LD	(HL),H

2636  69         	LD	L,C

2637  6F         	LD	L,A

2638  6E         	LD	L,(HL)

2639  20 69      	JR	NZ,26A4H

263B  73         	LD	(HL),E

263C  20 6E      	JR	NZ,26ACH

263E  6F         	LD	L,A

263F  74         	LD	(HL),H

2640  20 75      	JR	NZ,26B7H

2642  73         	LD	(HL),E

2643  61         	LD	H,C

2644  62         	LD	H,D

2645  6C         	LD	L,H

2646  65         	LD	H,L

2647  21 0D 0A   	LD	HL,0A0DH

264A  50         	LD	D,B

264B  75         	LD	(HL),L

264C  73         	LD	(HL),E

264D  68         	LD	L,B

264E  20 45      	JR	NZ,2695H

2650  4E         	LD	C,(HL)

2651  54         	LD	D,H

2652  45         	LD	B,L

2653  52         	LD	D,D

2654  20 66      	JR	NZ,26BCH

2656  6F         	LD	L,A

2657  72         	LD	(HL),D

2658  20 6D      	JR	NZ,26C7H

265A  65         	LD	H,L

265B  6E         	LD	L,(HL)

265C  75         	LD	(HL),L

265D  2E 20      	LD	L,20H

265F  00         	NOP

2660  43         	LD	B,E

2661  6F         	LD	L,A

2662  6E         	LD	L,(HL)

2663  66         	LD	H,(HL)

2664  69         	LD	L,C

2665  67         	LD	H,A

2666  75         	LD	(HL),L

2667  72         	LD	(HL),D

2668  61         	LD	H,C

2669  74         	LD	(HL),H

266A  69         	LD	L,C

266B  6F         	LD	L,A

266C  6E         	LD	L,(HL)

266D  20 73      	JR	NZ,26E2H

266F  61         	LD	H,C

2670  76         	HALT

2671  65         	LD	H,L

2672  64         	LD	H,H

2673  2E 20      	LD	L,20H

2675  20 50      	JR	NZ,26C7H

2677  75         	LD	(HL),L

2678  73         	LD	(HL),E

2679  68         	LD	L,B

267A  20 45      	JR	NZ,26C1H

267C  4E         	LD	C,(HL)

267D  54         	LD	D,H

267E  45         	LD	B,L

267F  52         	LD	D,D

2680  20 66      	JR	NZ,26E8H

2682  6F         	LD	L,A

2683  72         	LD	(HL),D

2684  20 6D      	JR	NZ,26F3H

2686  65         	LD	H,L

2687  6E         	LD	L,(HL)

2688  75         	LD	(HL),L

2689  2E 20      	LD	L,20H

268B  00         	NOP

268C  00         	NOP

268D  00         	NOP

268E  00         	NOP

268F  00         	NOP

2690  00         	NOP

2691  00         	NOP

2692  00         	NOP

2693  00         	NOP

2694  00         	NOP

2695  00         	NOP

2696  00         	NOP

2697  00         	NOP

2698  00         	NOP

2699  00         	NOP

269A  00         	NOP

269B  00         	NOP

269C  00         	NOP

269D  00         	NOP

269E  00         	NOP

269F  00         	NOP

26A0  00         	NOP

26A1  00         	NOP

26A2  00         	NOP

26A3  00         	NOP

26A4  00         	NOP

26A5  00         	NOP

26A6  00         	NOP

26A7  00         	NOP

26A8  00         	NOP

26A9  00         	NOP

26AA  00         	NOP

26AB  00         	NOP

26AC  00         	NOP

26AD  00         	NOP

26AE  00         	NOP

26AF  00         	NOP

26B0  00         	NOP

26B1  00         	NOP

26B2  00         	NOP

26B3  00         	NOP

26B4  00         	NOP

26B5  00         	NOP

26B6  00         	NOP

26B7  00         	NOP

26B8  00         	NOP

26B9  00         	NOP

26BA  00         	NOP

26BB  00         	NOP

26BC  00         	NOP

26BD  00         	NOP

26BE  00         	NOP

26BF  00         	NOP

26C0  00         	NOP

26C1  00         	NOP

26C2  00         	NOP

26C3  00         	NOP

26C4  00         	NOP

26C5  00         	NOP

26C6  00         	NOP

26C7  00         	NOP

26C8  00         	NOP

26C9  00         	NOP

26CA  00         	NOP

26CB  00         	NOP

26CC  00         	NOP

26CD  00         	NOP

26CE  00         	NOP

26CF  00         	NOP

26D0  00         	NOP

26D1  00         	NOP

26D2  00         	NOP

26D3  00         	NOP

26D4  00         	NOP

26D5  00         	NOP

26D6  00         	NOP

26D7  00         	NOP

26D8  00         	NOP

26D9  00         	NOP

26DA  00         	NOP

26DB  00         	NOP

26DC  00         	NOP

26DD  00         	NOP

26DE  00         	NOP

26DF  00         	NOP

26E0  00         	NOP

26E1  00         	NOP

26E2  00         	NOP

26E3  00         	NOP

26E4  00         	NOP

26E5  00         	NOP

26E6  00         	NOP

26E7  00         	NOP

26E8  00         	NOP

26E9  00         	NOP

26EA  00         	NOP

26EB  00         	NOP

26EC  00         	NOP

26ED  00         	NOP

26EE  00         	NOP

26EF  00         	NOP

26F0  00         	NOP

26F1  00         	NOP

26F2  00         	NOP

26F3  00         	NOP

26F4  00         	NOP

26F5  00         	NOP

26F6  00         	NOP

26F7  00         	NOP

26F8  00         	NOP

26F9  00         	NOP

26FA  00         	NOP

26FB  00         	NOP

26FC  00         	NOP

26FD  00         	NOP

26FE  00         	NOP

26FF  00         	NOP

2700  00         	NOP

2701  00         	NOP

2702  00         	NOP

2703  00         	NOP

2704  00         	NOP

2705  00         	NOP

2706  00         	NOP

2707  00         	NOP

2708  00         	NOP

2709  00         	NOP

270A  00         	NOP

270B  00         	NOP

270C  00         	NOP

270D  00         	NOP

270E  00         	NOP

270F  00         	NOP

2710  00         	NOP

2711  00         	NOP

2712  00         	NOP

2713  00         	NOP

2714  00         	NOP

2715  00         	NOP

2716  00         	NOP

2717  00         	NOP

2718  00         	NOP

2719  00         	NOP

271A  00         	NOP

271B  00         	NOP

271C  00         	NOP

271D  00         	NOP

271E  00         	NOP

271F  00         	NOP

2720  00         	NOP

2721  00         	NOP

2722  00         	NOP

2723  00         	NOP

2724  00         	NOP

2725  00         	NOP

2726  00         	NOP

2727  00         	NOP

2728  00         	NOP

2729  00         	NOP

272A  00         	NOP

272B  00         	NOP

272C  00         	NOP

272D  00         	NOP

272E  00         	NOP

272F  00         	NOP

2730  00         	NOP

2731  00         	NOP

2732  00         	NOP

2733  00         	NOP

2734  00         	NOP

2735  00         	NOP

2736  00         	NOP

2737  00         	NOP

2738  00         	NOP

2739  00         	NOP

273A  00         	NOP

273B  00         	NOP

273C  00         	NOP

273D  00         	NOP

273E  00         	NOP

273F  00         	NOP

2740  00         	NOP

2741  00         	NOP

2742  00         	NOP

2743  00         	NOP

2744  00         	NOP

2745  00         	NOP

2746  00         	NOP

2747  00         	NOP

2748  00         	NOP

2749  00         	NOP

274A  00         	NOP

274B  00         	NOP

274C  00         	NOP

274D  00         	NOP

274E  00         	NOP

274F  00         	NOP

2750  00         	NOP

2751  00         	NOP

2752  00         	NOP

2753  00         	NOP

2754  00         	NOP

2755  00         	NOP

2756  00         	NOP

2757  00         	NOP

2758  00         	NOP

2759  00         	NOP

275A  00         	NOP

275B  00         	NOP

275C  00         	NOP

275D  00         	NOP

275E  00         	NOP

275F  00         	NOP

2760  00         	NOP

2761  00         	NOP

2762  00         	NOP

2763  00         	NOP

2764  00         	NOP

2765  00         	NOP

2766  00         	NOP

2767  00         	NOP

2768  00         	NOP

2769  00         	NOP

276A  00         	NOP

276B  00         	NOP

276C  00         	NOP

276D  00         	NOP

276E  00         	NOP

276F  00         	NOP

2770  00         	NOP

2771  00         	NOP

2772  00         	NOP

2773  00         	NOP

2774  00         	NOP

2775  00         	NOP

2776  00         	NOP

2777  00         	NOP

2778  00         	NOP

2779  00         	NOP

277A  00         	NOP

277B  00         	NOP

277C  00         	NOP

277D  00         	NOP

277E  00         	NOP

277F  00         	NOP

2780  00         	NOP

2781  00         	NOP

2782  00         	NOP

2783  00         	NOP

2784  00         	NOP

2785  00         	NOP

2786  00         	NOP

2787  00         	NOP

2788  00         	NOP

2789  00         	NOP

278A  00         	NOP

278B  00         	NOP

278C  00         	NOP

278D  00         	NOP

278E  00         	NOP

278F  00         	NOP

2790  00         	NOP

2791  00         	NOP

2792  00         	NOP

2793  00         	NOP

2794  00         	NOP

2795  00         	NOP

2796  00         	NOP

2797  00         	NOP

2798  00         	NOP

2799  00         	NOP

279A  00         	NOP

279B  00         	NOP

279C  00         	NOP

279D  00         	NOP

279E  00         	NOP

279F  00         	NOP

27A0  00         	NOP

27A1  00         	NOP

27A2  00         	NOP

27A3  00         	NOP

27A4  00         	NOP

27A5  00         	NOP

27A6  00         	NOP

27A7  00         	NOP

27A8  00         	NOP

27A9  00         	NOP

27AA  00         	NOP

27AB  00         	NOP

27AC  00         	NOP

27AD  00         	NOP

27AE  00         	NOP

27AF  00         	NOP

27B0  00         	NOP

27B1  00         	NOP

27B2  00         	NOP

27B3  00         	NOP

27B4  00         	NOP

27B5  00         	NOP

27B6  00         	NOP

27B7  00         	NOP

27B8  00         	NOP

27B9  00         	NOP

27BA  00         	NOP

27BB  00         	NOP

27BC  00         	NOP

27BD  00         	NOP

27BE  00         	NOP

27BF  00         	NOP

27C0  00         	NOP

27C1  00         	NOP

27C2  00         	NOP

27C3  00         	NOP

27C4  00         	NOP

27C5  00         	NOP

27C6  00         	NOP

27C7  00         	NOP

27C8  00         	NOP

27C9  00         	NOP

27CA  00         	NOP

27CB  00         	NOP

27CC  00         	NOP

27CD  00         	NOP

27CE  00         	NOP

27CF  00         	NOP

27D0  00         	NOP

27D1  00         	NOP

27D2  00         	NOP

27D3  00         	NOP

27D4  00         	NOP

27D5  00         	NOP

27D6  00         	NOP

27D7  00         	NOP

27D8  00         	NOP

27D9  00         	NOP

27DA  00         	NOP

27DB  00         	NOP

27DC  00         	NOP

27DD  00         	NOP

27DE  00         	NOP

27DF  00         	NOP

27E0  00         	NOP

27E1  00         	NOP

27E2  00         	NOP

27E3  00         	NOP

27E4  00         	NOP

27E5  00         	NOP

27E6  00         	NOP

27E7  00         	NOP

27E8  00         	NOP

27E9  00         	NOP

27EA  00         	NOP

27EB  00         	NOP

27EC  00         	NOP

27ED  00         	NOP

27EE  00         	NOP

27EF  00         	NOP

27F0  00         	NOP

27F1  00         	NOP

27F2  00         	NOP

27F3  00         	NOP

27F4  00         	NOP

27F5  00         	NOP

27F6  00         	NOP

27F7  00         	NOP

27F8  00         	NOP

27F9  00         	NOP

27FA  00         	NOP

27FB  00         	NOP

27FC  00         	NOP

27FD  00         	NOP

27FE  00         	NOP

27FF  00         	NOP

2800  01 C8 43   	LD	BC,43C8H

2803  F3         	DI

2804  3E 82      	LD	A,82H

2806  D3 84      	OUT	(84H),A

2808  21 00 F8   	LD	HL,0F800H

280B  36 20      	LD	(HL),20H

280D  23         	INC	HL

280E  7C         	LD	A,H

280F  B5         	OR	L

2810  20 F9      	JR	NZ,280BH

2812  F9         	LD	SP,HL

2813  D3 E0      	OUT	(0E0H),A

2815  3E 40      	LD	A,40H

2817  D3 EC      	OUT	(0ECH),A

2819  3E 03      	LD	A,3H

281B  D3 84      	OUT	(84H),A

281D  3E C3      	LD	A,0C3H

281F  21 A5 43   	LD	HL,43A5H

2822  32 66 00   	LD	(66H),A

2825  22 67 00   	LD	(67H),HL

2828  2A CC 43   	LD	HL,(43CCH)

282B  3A CF 43   	LD	A,(43CFH)

282E  47         	LD	B,A

282F  EB         	EX	DE,HL

2830  2A C8 43   	LD	HL,(43C8H)

2833  25         	DEC	H

2834  D9         	EXX

2835  CD 43 43   	CALL	4343H

2838  D9         	EXX

2839  C2 B7 43   	JP	NZ,43B7H

283C  19         	ADD	HL,DE

283D  10 F5      	DJNZ	2834H

283F  2A CA 43   	LD	HL,(43CAH)

2842  E9         	JP	(HL)

2843  2A EE 43   	LD	HL,(43EEH)

2846  7E         	LD	A,(HL)

2847  3C         	INC	A

2848  20 1F      	JR	NZ,2869H

284A  21 D0 43   	LD	HL,43D0H

284D  3A F0 43   	LD	A,(43F0H)

2850  4F         	LD	C,A

2851  3A CE 43   	LD	A,(43CEH)

2854  A9         	XOR	C

2855  32 F0 43   	LD	(43F0H),A

2858  20 0F      	JR	NZ,2869H

285A  3E 54      	LD	A,54H

285C  CD AE 43   	CALL	43AEH

285F  3E 81      	LD	A,81H

2861  D3 F4      	OUT	(0F4H),A

2863  DB F0      	IN	A,(0F0H)

2865  E6 01      	AND	1H

2867  20 F6      	JR	NZ,285FH

2869  7E         	LD	A,(HL)

286A  23         	INC	HL

286B  22 EE 43   	LD	(43EEH),HL

286E  D3 F2      	OUT	(0F2H),A

2870  CD 78 43   	CALL	4378H

2873  C8         	RET	Z

2874  CD 78 43   	CALL	4378H

2877  C8         	RET	Z

2878  0E F3      	LD	C,0F3H

287A  11 02 C1   	LD	DE,0C102H

287D  D9         	EXX

287E  E5         	PUSH	HL

287F  D9         	EXX

2880  E1         	POP	HL

2881  3A F0 43   	LD	A,(43F0H)

2884  07         	RLCA

2885  07         	RLCA

2886  07         	RLCA

2887  07         	RLCA

2888  B2         	OR	D

2889  57         	LD	D,A

288A  E6 BF      	AND	0BFH

288C  D3 F4      	OUT	(0F4H),A

288E  3E 80      	LD	A,80H

2890  CD AE 43   	CALL	43AEH

2893  3E C0      	LD	A,0C0H

2895  D3 E4      	OUT	(0E4H),A

2897  DB F0      	IN	A,(0F0H)

2899  A3         	AND	E

289A  28 FB      	JR	Z,2897H

289C  ED A2      	INI

289E  7A         	LD	A,D

289F  D3 F4      	OUT	(0F4H),A

28A1  ED A2      	INI

28A3  18 FA      	JR	289FH

28A5  E1         	POP	HL

28A6  AF         	XOR	A

28A7  D3 E4      	OUT	(0E4H),A

28A9  DB F0      	IN	A,(0F0H)

28AB  E6 9C      	AND	9CH

28AD  C9         	RET

28AE  D3 F0      	OUT	(0F0H),A

28B0  DB F0      	IN	A,(0F0H)

28B2  E6 01      	AND	1H

28B4  28 FA      	JR	Z,28B0H

28B6  C9         	RET

28B7  3E 02      	LD	A,2H

28B9  D3 84      	OUT	(84H),A

28BB  21 F1 43   	LD	HL,43F1H

28BE  11 00 F8   	LD	DE,0F800H

28C1  01 0B 00   	LD	BC,0BH

28C4  ED B0      	LDIR

28C6  18 FE      	JR	28C6H

28C8  00         	NOP

28C9  00         	NOP

28CA  00         	NOP

28CB  00         	NOP

28CC  00         	NOP

28CD  01 00 24   	LD	BC,2400H

28D0  01 03 05   	LD	BC,503H

28D3  07         	RLCA

28D4  09         	ADD	HL,BC

28D5  0B         	DEC	BC

28D6  0D         	DEC	C

28D7  0F         	RRCA

28D8  11 02 04   	LD	DE,402H

28DB  06 08      	LD	B,8H

28DD  0A         	LD	A,(BC)

28DE  0C         	INC	C

28DF  0E 10      	LD	C,10H

28E1  12         	LD	(DE),A

28E2  FF         	RST	38H

28E3  00         	NOP

28E4  00         	NOP

28E5  00         	NOP

28E6  00         	NOP

28E7  00         	NOP

28E8  00         	NOP

28E9  00         	NOP

28EA  00         	NOP

28EB  00         	NOP

28EC  00         	NOP

28ED  00         	NOP

28EE  D0         	RET	NC

28EF  43         	LD	B,E

28F0  00         	NOP

28F1  42         	LD	B,D

28F2  4F         	LD	C,A

28F3  4F         	LD	C,A

28F4  54         	LD	D,H

28F5  20 65      	JR	NZ,295CH

28F7  72         	LD	(HL),D

28F8  72         	LD	(HL),D

28F9  6F         	LD	L,A

28FA  72         	LD	(HL),D

28FB  21 00 00   	LD	HL,0H

28FE  00         	NOP

28FF  00         	NOP

2900  21 80 33   	LD	HL,3380H

2903  22 FE 2A   	LD	(2AFEH),HL

2906  11 81 33   	LD	DE,3381H

2909  01 FF 37   	LD	BC,37FFH

290C  36 00      	LD	(HL),0H

290E  ED B0      	LDIR

2910  21 5D 00   	LD	HL,5DH

2913  7E         	LD	A,(HL)

2914  FE 20      	CP	20H

2916  2B         	DEC	HL

2917  11 55 2A   	LD	DE,2A55H

291A  01 0C 00   	LD	BC,0CH

291D  20 06      	JR	NZ,2925H

291F  7E         	LD	A,(HL)

2920  B7         	OR	A

2921  28 04      	JR	Z,2927H

2923  0E 01      	LD	C,1H

2925  ED B0      	LDIR

2927  11 55 2A   	LD	DE,2A55H

292A  0E 0F      	LD	C,0FH

292C  CD 05 00   	CALL	5H

292F  3C         	INC	A

2930  20 0B      	JR	NZ,293DH

2932  3A 55 2A   	LD	A,(2A55H)

2935  B7         	OR	A

2936  C0         	RET	NZ

2937  3C         	INC	A

2938  32 55 2A   	LD	(2A55H),A

293B  18 EA      	JR	2927H

293D  11 80 00   	LD	DE,80H

2940  0E 1A      	LD	C,1AH

2942  CD 05 00   	CALL	5H

2945  CD 1C 2A   	CALL	2A1CH

2948  C8         	RET	Z

2949  7E         	LD	A,(HL)

294A  23         	INC	HL

294B  FE 2A      	CP	2AH

294D  20 F6      	JR	NZ,2945H

294F  E5         	PUSH	HL

2950  21 00 2B   	LD	HL,2B00H

2953  E5         	PUSH	HL

2954  11 01 2B   	LD	DE,2B01H

2957  01 7F 00   	LD	BC,7FH

295A  36 00      	LD	(HL),0H

295C  ED B0      	LDIR

295E  D1         	POP	DE

295F  E1         	POP	HL

2960  06 3C      	LD	B,3CH

2962  7E         	LD	A,(HL)

2963  23         	INC	HL

2964  FE 0D      	CP	0DH

2966  28 04      	JR	Z,296CH

2968  12         	LD	(DE),A

2969  13         	INC	DE

296A  10 F6      	DJNZ	2962H

296C  EB         	EX	DE,HL

296D  36 0D      	LD	(HL),0DH

296F  23         	INC	HL

2970  36 0A      	LD	(HL),0AH

2972  CD 1C 2A   	CALL	2A1CH

2975  C8         	RET	Z

2976  11 40 2B   	LD	DE,2B40H

2979  CD F0 29   	CALL	29F0H

297C  CD E6 29   	CALL	29E6H

297F  CD E6 29   	CALL	29E6H

2982  CD E6 29   	CALL	29E6H

2985  CD F0 29   	CALL	29F0H

2988  CD F0 29   	CALL	29F0H

298B  CD E6 29   	CALL	29E6H

298E  CD E6 29   	CALL	29E6H

2991  CD F0 29   	CALL	29F0H

2994  CD F0 29   	CALL	29F0H

2997  CD E6 29   	CALL	29E6H

299A  CD E6 29   	CALL	29E6H

299D  CD F0 29   	CALL	29F0H

29A0  CD E6 29   	CALL	29E6H

29A3  CD 1C 2A   	CALL	2A1CH

29A6  C8         	RET	Z

29A7  11 60 2B   	LD	DE,2B60H

29AA  3A 4F 2B   	LD	A,(2B4FH)

29AD  FE 1F      	CP	1FH

29AF  D2 45 29   	JP	NC,2945H

29B2  47         	LD	B,A

29B3  CD E6 29   	CALL	29E6H

29B6  10 FB      	DJNZ	29B3H

29B8  ED 5B FE 2A	LD	DE,(2AFEH)

29BC  21 00 2B   	LD	HL,2B00H

29BF  01 80 00   	LD	BC,80H

29C2  ED B0      	LDIR

29C4  ED 53 FE 2A	LD	(2AFEH),DE

29C8  21 80 6B   	LD	HL,6B80H

29CB  AF         	XOR	A

29CC  ED 52      	SBC	HL,DE

29CE  D2 45 29   	JP	NC,2945H

29D1  C9         	RET

29D2  3D         	DEC	A

29D3  6F         	LD	L,A

29D4  26 00      	LD	H,0H

29D6  29         	ADD	HL,HL

29D7  29         	ADD	HL,HL

29D8  29         	ADD	HL,HL

29D9  29         	ADD	HL,HL

29DA  29         	ADD	HL,HL

29DB  29         	ADD	HL,HL

29DC  29         	ADD	HL,HL

29DD  C5         	PUSH	BC

29DE  01 80 2B   	LD	BC,2B80H

29E1  09         	ADD	HL,BC

29E2  C1         	POP	BC

29E3  7E         	LD	A,(HL)

29E4  B7         	OR	A

29E5  C9         	RET

29E6  D5         	PUSH	DE

29E7  CD FC 29   	CALL	29FCH

29EA  E3         	EX	(SP),HL

29EB  73         	LD	(HL),E

29EC  23         	INC	HL

29ED  EB         	EX	DE,HL

29EE  E1         	POP	HL

29EF  C9         	RET

29F0  D5         	PUSH	DE

29F1  CD FC 29   	CALL	29FCH

29F4  E3         	EX	(SP),HL

29F5  73         	LD	(HL),E

29F6  23         	INC	HL

29F7  72         	LD	(HL),D

29F8  23         	INC	HL

29F9  EB         	EX	DE,HL

29FA  E1         	POP	HL

29FB  C9         	RET

29FC  11 00 00   	LD	DE,0H

29FF  CD 13 2A   	CALL	2A13H

2A02  D8         	RET	C

2A03  C5         	PUSH	BC

2A04  EB         	EX	DE,HL

2A05  29         	ADD	HL,HL

2A06  44         	LD	B,H

2A07  4D         	LD	C,L

2A08  29         	ADD	HL,HL

2A09  29         	ADD	HL,HL

2A0A  09         	ADD	HL,BC

2A0B  06 00      	LD	B,0H

2A0D  4F         	LD	C,A

2A0E  09         	ADD	HL,BC

2A0F  EB         	EX	DE,HL

2A10  C1         	POP	BC

2A11  18 EC      	JR	29FFH

2A13  7E         	LD	A,(HL)

2A14  23         	INC	HL

2A15  D6 30      	SUB	30H

2A17  D8         	RET	C

2A18  FE 0A      	CP	0AH

2A1A  3F         	CCF

2A1B  C9         	RET

2A1C  21 7E 2A   	LD	HL,2A7EH

2A1F  E5         	PUSH	HL

2A20  CD 30 2A   	CALL	2A30H

2A23  28 09      	JR	Z,2A2EH

2A25  77         	LD	(HL),A

2A26  23         	INC	HL

2A27  FE 0D      	CP	0DH

2A29  20 F5      	JR	NZ,2A20H

2A2B  CD 30 2A   	CALL	2A30H

2A2E  E1         	POP	HL

2A2F  C9         	RET

2A30  E5         	PUSH	HL

2A31  2A 7C 2A   	LD	HL,(2A7CH)

2A34  7D         	LD	A,L

2A35  B7         	OR	A

2A36  20 14      	JR	NZ,2A4CH

2A38  C5         	PUSH	BC

2A39  D5         	PUSH	DE

2A3A  11 55 2A   	LD	DE,2A55H

2A3D  0E 14      	LD	C,14H

2A3F  CD 05 00   	CALL	5H

2A42  D1         	POP	DE

2A43  C1         	POP	BC

2A44  21 80 00   	LD	HL,80H

2A47  B7         	OR	A

2A48  28 02      	JR	Z,2A4CH

2A4A  36 1A      	LD	(HL),1AH

2A4C  7E         	LD	A,(HL)

2A4D  23         	INC	HL

2A4E  22 7C 2A   	LD	(2A7CH),HL

2A51  FE 1A      	CP	1AH

2A53  E1         	POP	HL

2A54  C9         	RET

2A55  00         	NOP

2A56  44         	LD	B,H

2A57  49         	LD	C,C

2A58  53         	LD	D,E

2A59  4B         	LD	C,E

2A5A  20 20      	JR	NZ,2A7CH

2A5C  20 20      	JR	NZ,2A7EH

2A5E  46         	LD	B,(HL)

2A5F  44         	LD	B,H

2A60  46         	LD	B,(HL)

2A61  00         	NOP

2A62  00         	NOP

2A63  00         	NOP

2A64  00         	NOP

2A65  00         	NOP

2A66  00         	NOP

2A67  00         	NOP

2A68  00         	NOP

2A69  00         	NOP

2A6A  00         	NOP

2A6B  00         	NOP

2A6C  00         	NOP

2A6D  00         	NOP

2A6E  00         	NOP

2A6F  00         	NOP

2A70  00         	NOP

2A71  00         	NOP

2A72  00         	NOP

2A73  00         	NOP

2A74  00         	NOP

2A75  00         	NOP

2A76  00         	NOP

2A77  00         	NOP

2A78  00         	NOP

2A79  00         	NOP

2A7A  00         	NOP

2A7B  00         	NOP

2A7C  00         	NOP

2A7D  00         	NOP

2A7E  00         	NOP

2A7F  00         	NOP

2A80  00         	NOP

2A81  00         	NOP

2A82  00         	NOP

2A83  00         	NOP

2A84  00         	NOP

2A85  00         	NOP

2A86  00         	NOP

2A87  00         	NOP

2A88  00         	NOP

2A89  00         	NOP

2A8A  00         	NOP

2A8B  00         	NOP

2A8C  00         	NOP

2A8D  00         	NOP

2A8E  00         	NOP

2A8F  00         	NOP

2A90  00         	NOP

2A91  00         	NOP

2A92  00         	NOP

2A93  00         	NOP

2A94  00         	NOP

2A95  00         	NOP

2A96  00         	NOP

2A97  00         	NOP

2A98  00         	NOP

2A99  00         	NOP

2A9A  00         	NOP

2A9B  00         	NOP

2A9C  00         	NOP

2A9D  00         	NOP

2A9E  00         	NOP

2A9F  00         	NOP

2AA0  00         	NOP

2AA1  00         	NOP

2AA2  00         	NOP

2AA3  00         	NOP

2AA4  00         	NOP

2AA5  00         	NOP

2AA6  00         	NOP

2AA7  00         	NOP

2AA8  00         	NOP

2AA9  00         	NOP

2AAA  00         	NOP

2AAB  00         	NOP

2AAC  00         	NOP

2AAD  00         	NOP

2AAE  00         	NOP

2AAF  00         	NOP

2AB0  00         	NOP

2AB1  00         	NOP

2AB2  00         	NOP

2AB3  00         	NOP

2AB4  00         	NOP

2AB5  00         	NOP

2AB6  00         	NOP

2AB7  00         	NOP

2AB8  00         	NOP

2AB9  00         	NOP

2ABA  00         	NOP

2ABB  00         	NOP

2ABC  00         	NOP

2ABD  00         	NOP

2ABE  00         	NOP

2ABF  00         	NOP

2AC0  00         	NOP

2AC1  00         	NOP

2AC2  00         	NOP

2AC3  00         	NOP

2AC4  00         	NOP

2AC5  00         	NOP

2AC6  00         	NOP

2AC7  00         	NOP

2AC8  00         	NOP

2AC9  00         	NOP

2ACA  00         	NOP

2ACB  00         	NOP

2ACC  00         	NOP

2ACD  00         	NOP

2ACE  00         	NOP

2ACF  00         	NOP

2AD0  00         	NOP

2AD1  00         	NOP

2AD2  00         	NOP

2AD3  00         	NOP

2AD4  00         	NOP

2AD5  00         	NOP

2AD6  00         	NOP

2AD7  00         	NOP

2AD8  00         	NOP

2AD9  00         	NOP

2ADA  00         	NOP

2ADB  00         	NOP

2ADC  00         	NOP

2ADD  00         	NOP

2ADE  00         	NOP

2ADF  00         	NOP

2AE0  00         	NOP

2AE1  00         	NOP

2AE2  00         	NOP

2AE3  00         	NOP

2AE4  00         	NOP

2AE5  00         	NOP

2AE6  00         	NOP

2AE7  00         	NOP

2AE8  00         	NOP

2AE9  00         	NOP

2AEA  00         	NOP

2AEB  00         	NOP

2AEC  00         	NOP

2AED  00         	NOP

2AEE  00         	NOP

2AEF  00         	NOP

2AF0  00         	NOP

2AF1  00         	NOP

2AF2  00         	NOP

2AF3  00         	NOP

2AF4  00         	NOP

2AF5  00         	NOP

2AF6  00         	NOP

2AF7  00         	NOP

2AF8  00         	NOP

2AF9  00         	NOP

2AFA  00         	NOP

2AFB  00         	NOP

2AFC  00         	NOP

2AFD  00         	NOP

2AFE  00         	NOP

2AFF  00         	NOP

2B00  00         	NOP

2B01  00         	NOP

2B02  00         	NOP

2B03  00         	NOP

2B04  00         	NOP

2B05  00         	NOP

2B06  00         	NOP

2B07  00         	NOP

2B08  00         	NOP

2B09  00         	NOP

2B0A  00         	NOP

2B0B  00         	NOP

2B0C  00         	NOP

2B0D  00         	NOP

2B0E  00         	NOP

2B0F  00         	NOP

2B10  00         	NOP

2B11  00         	NOP

2B12  00         	NOP

2B13  00         	NOP

2B14  00         	NOP

2B15  00         	NOP

2B16  00         	NOP

2B17  00         	NOP

2B18  00         	NOP

2B19  00         	NOP

2B1A  00         	NOP

2B1B  00         	NOP

2B1C  00         	NOP

2B1D  00         	NOP

2B1E  00         	NOP

2B1F  00         	NOP

2B20  00         	NOP

2B21  00         	NOP

2B22  00         	NOP

2B23  00         	NOP

2B24  00         	NOP

2B25  00         	NOP

2B26  00         	NOP

2B27  00         	NOP

2B28  00         	NOP

2B29  00         	NOP

2B2A  00         	NOP

2B2B  00         	NOP

2B2C  00         	NOP

2B2D  00         	NOP

2B2E  00         	NOP

2B2F  00         	NOP

2B30  00         	NOP

2B31  00         	NOP

2B32  00         	NOP

2B33  00         	NOP

2B34  00         	NOP

2B35  00         	NOP

2B36  00         	NOP

2B37  00         	NOP

2B38  00         	NOP

2B39  00         	NOP

2B3A  00         	NOP

2B3B  00         	NOP

2B3C  00         	NOP

2B3D  00         	NOP

2B3E  00         	NOP

2B3F  00         	NOP

2B40  00         	NOP

2B41  00         	NOP

2B42  00         	NOP

2B43  00         	NOP

2B44  00         	NOP

2B45  00         	NOP

2B46  00         	NOP

2B47  00         	NOP

2B48  00         	NOP

2B49  00         	NOP

2B4A  00         	NOP

2B4B  00         	NOP

2B4C  00         	NOP

2B4D  00         	NOP

2B4E  00         	NOP

2B4F  00         	NOP

2B50  00         	NOP

2B51  00         	NOP

2B52  00         	NOP

2B53  00         	NOP

2B54  00         	NOP

2B55  00         	NOP

2B56  00         	NOP

2B57  00         	NOP

2B58  00         	NOP

2B59  00         	NOP

2B5A  00         	NOP

2B5B  00         	NOP

2B5C  00         	NOP

2B5D  00         	NOP

2B5E  00         	NOP

2B5F  00         	NOP

2B60  00         	NOP

2B61  00         	NOP

2B62  00         	NOP

2B63  00         	NOP

2B64  00         	NOP

2B65  00         	NOP

2B66  00         	NOP

2B67  00         	NOP

2B68  00         	NOP

2B69  00         	NOP

2B6A  00         	NOP

2B6B  00         	NOP

2B6C  00         	NOP

2B6D  00         	NOP

2B6E  00         	NOP

2B6F  00         	NOP

2B70  00         	NOP

2B71  00         	NOP

2B72  00         	NOP

2B73  00         	NOP

2B74  00         	NOP

2B75  00         	NOP

2B76  00         	NOP

2B77  00         	NOP

2B78  00         	NOP

2B79  00         	NOP

2B7A  00         	NOP

2B7B  00         	NOP

2B7C  00         	NOP

2B7D  00         	NOP

2B7E  00         	NOP

2B7F  00         	NOP

2B80  4D         	LD	C,L

2B81  6F         	LD	L,A

2B82  6E         	LD	L,(HL)

2B83  74         	LD	(HL),H

2B84  65         	LD	H,L

2B85  7A         	LD	A,D

2B86  75         	LD	(HL),L

2B87  6D         	LD	L,L

2B88  61         	LD	H,C

2B89  20 4D      	JR	NZ,2BD8H

2B8B  69         	LD	L,C

2B8C  63         	LD	H,E

2B8D  72         	LD	(HL),D

2B8E  6F         	LD	L,A

2B8F  20 53      	JR	NZ,2BE4H

2B91  74         	LD	(HL),H

2B92  61         	LD	H,C

2B93  6E         	LD	L,(HL)

2B94  64         	LD	H,H

2B95  61         	LD	H,C

2B96  72         	LD	(HL),D

2B97  64         	LD	H,H

2B98  20 53      	JR	NZ,2BEDH

2B9A  59         	LD	E,C

2B9B  53         	LD	D,E

2B9C  54         	LD	D,H

2B9D  45         	LD	B,L

2B9E  4D         	LD	C,L

2B9F  20 28      	JR	NZ,2BC9H

2BA1  34         	INC	(HL)

2BA2  30 54      	JR	NC,2BF8H

2BA4  2C         	INC	L

2BA5  20 53      	JR	NZ,2BFAH

2BA7  53         	LD	D,E

2BA8  2C         	INC	L

2BA9  20 44      	JR	NZ,2BEFH

2BAB  44         	LD	B,H

2BAC  2C         	INC	L

2BAD  20 31      	JR	NZ,2BE0H

2BAF  37         	SCF

2BB0  30 4B      	JR	NC,2BFDH

2BB2  29         	ADD	HL,HL

2BB3  20 20      	JR	NZ,2BD5H

2BB5  20 20      	JR	NZ,2BD7H

2BB7  20 20      	JR	NZ,2BD9H

2BB9  20 20      	JR	NZ,2BDBH

2BBB  20 20      	JR	NZ,2BDDH

2BBD  0D         	DEC	C

2BBE  0A         	LD	A,(BC)

2BBF  00         	NOP

2BC0  24         	INC	H

2BC1  00         	NOP

2BC2  04         	INC	B

2BC3  0F         	RRCA

2BC4  01 54 00   	LD	BC,54H

2BC7  7F         	LD	A,A

2BC8  00         	NOP

2BC9  C0         	RET	NZ

2BCA  00         	NOP

2BCB  20 00      	JR	NZ,2BCDH

2BCD  02         	LD	(BC),A

2BCE  00         	NOP

2BCF  12         	LD	(DE),A

2BD0  01 28 00   	LD	BC,28H

2BD3  80         	ADD	A,B

2BD4  00         	NOP

2BD5  00         	NOP

2BD6  00         	NOP

2BD7  00         	NOP

2BD8  00         	NOP

2BD9  00         	NOP

2BDA  00         	NOP

2BDB  00         	NOP

2BDC  00         	NOP

2BDD  00         	NOP

2BDE  00         	NOP

2BDF  00         	NOP

2BE0  01 03 05   	LD	BC,503H

2BE3  07         	RLCA

2BE4  09         	ADD	HL,BC

2BE5  0B         	DEC	BC

2BE6  0D         	DEC	C

2BE7  0F         	RRCA

2BE8  11 02 04   	LD	DE,402H

2BEB  06 08      	LD	B,8H

2BED  0A         	LD	A,(BC)

2BEE  0C         	INC	C

2BEF  0E 10      	LD	C,10H

2BF1  12         	LD	(DE),A

2BF2  00         	NOP

2BF3  00         	NOP

2BF4  00         	NOP

2BF5  00         	NOP

2BF6  00         	NOP

2BF7  00         	NOP

2BF8  00         	NOP

2BF9  00         	NOP

2BFA  00         	NOP

2BFB  00         	NOP

2BFC  00         	NOP

2BFD  00         	NOP

2BFE  00         	NOP

2BFF  00         	NOP

2C00  4D         	LD	C,L

2C01  6F         	LD	L,A

2C02  6E         	LD	L,(HL)

2C03  74         	LD	(HL),H

2C04  65         	LD	H,L

2C05  7A         	LD	A,D

2C06  75         	LD	(HL),L

2C07  6D         	LD	L,L

2C08  61         	LD	H,C

2C09  20 4D      	JR	NZ,2C58H

2C0B  69         	LD	L,C

2C0C  63         	LD	H,E

2C0D  72         	LD	(HL),D

2C0E  6F         	LD	L,A

2C0F  20 53      	JR	NZ,2C64H

2C11  74         	LD	(HL),H

2C12  61         	LD	H,C

2C13  6E         	LD	L,(HL)

2C14  64         	LD	H,H

2C15  61         	LD	H,C

2C16  72         	LD	(HL),D

2C17  64         	LD	H,H

2C18  20 44      	JR	NZ,2C5EH

2C1A  41         	LD	B,C

2C1B  54         	LD	D,H

2C1C  41         	LD	B,C

2C1D  20 28      	JR	NZ,2C47H

2C1F  34         	INC	(HL)

2C20  30 54      	JR	NC,2C76H

2C22  2C         	INC	L

2C23  20 53      	JR	NZ,2C78H

2C25  53         	LD	D,E

2C26  2C         	INC	L

2C27  20 44      	JR	NZ,2C6DH

2C29  44         	LD	B,H

2C2A  2C         	INC	L

2C2B  20 32      	JR	NZ,2C5FH

2C2D  30 30      	JR	NC,2C5FH

2C2F  4B         	LD	C,E

2C30  29         	ADD	HL,HL

2C31  20 20      	JR	NZ,2C53H

2C33  20 20      	JR	NZ,2C55H

2C35  20 20      	JR	NZ,2C57H

2C37  20 20      	JR	NZ,2C59H

2C39  20 20      	JR	NZ,2C5BH

2C3B  20 20      	JR	NZ,2C5DH

2C3D  0D         	DEC	C

2C3E  0A         	LD	A,(BC)

2C3F  00         	NOP

2C40  28 00      	JR	Z,2C42H

2C42  04         	INC	B

2C43  0F         	RRCA

2C44  01 63 00   	LD	BC,63H

2C47  7F         	LD	A,A

2C48  00         	NOP

2C49  C0         	RET	NZ

2C4A  00         	NOP

2C4B  20 00      	JR	NZ,2C4DH

2C4D  00         	NOP

2C4E  00         	NOP

2C4F  0A         	LD	A,(BC)

2C50  02         	LD	(BC),A

2C51  28 00      	JR	Z,2C53H

2C53  80         	ADD	A,B

2C54  00         	NOP

2C55  00         	NOP

2C56  00         	NOP

2C57  00         	NOP

2C58  00         	NOP

2C59  00         	NOP

2C5A  00         	NOP

2C5B  00         	NOP

2C5C  00         	NOP

2C5D  00         	NOP

2C5E  00         	NOP

2C5F  00         	NOP

2C60  01 03 05   	LD	BC,503H

2C63  07         	RLCA

2C64  09         	ADD	HL,BC

2C65  02         	LD	(BC),A

2C66  04         	INC	B

2C67  06 08      	LD	B,8H

2C69  0A         	LD	A,(BC)

2C6A  00         	NOP

2C6B  00         	NOP

2C6C  00         	NOP

2C6D  00         	NOP

2C6E  00         	NOP

2C6F  00         	NOP

2C70  00         	NOP

2C71  00         	NOP

2C72  00         	NOP

2C73  00         	NOP

2C74  00         	NOP

2C75  00         	NOP

2C76  00         	NOP

2C77  00         	NOP

2C78  00         	NOP

2C79  00         	NOP

2C7A  00         	NOP

2C7B  00         	NOP

2C7C  00         	NOP

2C7D  00         	NOP

2C7E  00         	NOP

2C7F  00         	NOP

2C80  4D         	LD	C,L

2C81  6F         	LD	L,A

2C82  6E         	LD	L,(HL)

2C83  74         	LD	(HL),H

2C84  65         	LD	H,L

2C85  7A         	LD	A,D

2C86  75         	LD	(HL),L

2C87  6D         	LD	L,L

2C88  61         	LD	H,C

2C89  20 4D      	JR	NZ,2CD8H

2C8B  69         	LD	L,C

2C8C  63         	LD	H,E

2C8D  72         	LD	(HL),D

2C8E  6F         	LD	L,A

2C8F  20 53      	JR	NZ,2CE4H

2C91  74         	LD	(HL),H

2C92  61         	LD	H,C

2C93  6E         	LD	L,(HL)

2C94  64         	LD	H,H

2C95  61         	LD	H,C

2C96  72         	LD	(HL),D

2C97  64         	LD	H,H

2C98  20 44      	JR	NZ,2CDEH

2C9A  53         	LD	D,E

2C9B  20 53      	JR	NZ,2CF0H

2C9D  59         	LD	E,C

2C9E  53         	LD	D,E

2C9F  54         	LD	D,H

2CA0  45         	LD	B,L

2CA1  4D         	LD	C,L

2CA2  20 28      	JR	NZ,2CCCH

2CA4  34         	INC	(HL)

2CA5  30 54      	JR	NC,2CFBH

2CA7  2C         	INC	L

2CA8  20 44      	JR	NZ,2CEEH

2CAA  53         	LD	D,E

2CAB  2C         	INC	L

2CAC  20 44      	JR	NZ,2CF2H

2CAE  44         	LD	B,H

2CAF  2C         	INC	L

2CB0  20 33      	JR	NZ,2CE5H

2CB2  35         	DEC	(HL)

2CB3  30 4B      	JR	NC,2D00H

2CB5  29         	ADD	HL,HL

2CB6  20 20      	JR	NZ,2CD8H

2CB8  20 20      	JR	NZ,2CDAH

2CBA  20 20      	JR	NZ,2CDCH

2CBC  20 0D      	JR	NZ,2CCBH

2CBE  0A         	LD	A,(BC)

2CBF  00         	NOP

2CC0  24         	INC	H

2CC1  00         	NOP

2CC2  04         	INC	B

2CC3  0F         	RRCA

2CC4  01 AE 00   	LD	BC,0AEH

2CC7  7F         	LD	A,A

2CC8  00         	NOP

2CC9  C0         	RET	NZ

2CCA  00         	NOP

2CCB  20 00      	JR	NZ,2CCDH

2CCD  02         	LD	(BC),A

2CCE  00         	NOP

2CCF  12         	LD	(DE),A

2CD0  01 28 00   	LD	BC,28H

2CD3  C0         	RET	NZ

2CD4  00         	NOP

2CD5  00         	NOP

2CD6  00         	NOP

2CD7  00         	NOP

2CD8  00         	NOP

2CD9  00         	NOP

2CDA  00         	NOP

2CDB  00         	NOP

2CDC  00         	NOP

2CDD  00         	NOP

2CDE  00         	NOP

2CDF  00         	NOP

2CE0  01 03 05   	LD	BC,503H

2CE3  07         	RLCA

2CE4  09         	ADD	HL,BC

2CE5  0B         	DEC	BC

2CE6  0D         	DEC	C

2CE7  0F         	RRCA

2CE8  11 02 04   	LD	DE,402H

2CEB  06 08      	LD	B,8H

2CED  0A         	LD	A,(BC)

2CEE  0C         	INC	C

2CEF  0E 10      	LD	C,10H

2CF1  12         	LD	(DE),A

2CF2  00         	NOP

2CF3  00         	NOP

2CF4  00         	NOP

2CF5  00         	NOP

2CF6  00         	NOP

2CF7  00         	NOP

2CF8  00         	NOP

2CF9  00         	NOP

2CFA  00         	NOP

2CFB  00         	NOP

2CFC  00         	NOP

2CFD  00         	NOP

2CFE  00         	NOP

2CFF  00         	NOP

2D00  4D         	LD	C,L

2D01  6F         	LD	L,A

2D02  6E         	LD	L,(HL)

2D03  74         	LD	(HL),H

2D04  65         	LD	H,L

2D05  7A         	LD	A,D

2D06  75         	LD	(HL),L

2D07  6D         	LD	L,L

2D08  61         	LD	H,C

2D09  20 4D      	JR	NZ,2D58H

2D0B  69         	LD	L,C

2D0C  63         	LD	H,E

2D0D  72         	LD	(HL),D

2D0E  6F         	LD	L,A

2D0F  20 53      	JR	NZ,2D64H

2D11  74         	LD	(HL),H

2D12  61         	LD	H,C

2D13  6E         	LD	L,(HL)

2D14  64         	LD	H,H

2D15  61         	LD	H,C

2D16  72         	LD	(HL),D

2D17  64         	LD	H,H

2D18  20 44      	JR	NZ,2D5EH

2D1A  53         	LD	D,E

2D1B  20 44      	JR	NZ,2D61H

2D1D  41         	LD	B,C

2D1E  54         	LD	D,H

2D1F  41         	LD	B,C

2D20  20 28      	JR	NZ,2D4AH

2D22  34         	INC	(HL)

2D23  30 54      	JR	NC,2D79H

2D25  2C         	INC	L

2D26  20 44      	JR	NZ,2D6CH

2D28  53         	LD	D,E

2D29  2C         	INC	L

2D2A  20 44      	JR	NZ,2D70H

2D2C  44         	LD	B,H

2D2D  2C         	INC	L

2D2E  20 34      	JR	NZ,2D64H

2D30  30 30      	JR	NC,2D62H

2D32  4B         	LD	C,E

2D33  29         	ADD	HL,HL

2D34  20 20      	JR	NZ,2D56H

2D36  20 20      	JR	NZ,2D58H

2D38  20 20      	JR	NZ,2D5AH

2D3A  20 20      	JR	NZ,2D5CH

2D3C  20 0D      	JR	NZ,2D4BH

2D3E  0A         	LD	A,(BC)

2D3F  00         	NOP

2D40  28 00      	JR	Z,2D42H

2D42  04         	INC	B

2D43  0F         	RRCA

2D44  01 C7 00   	LD	BC,0C7H

2D47  7F         	LD	A,A

2D48  00         	NOP

2D49  C0         	RET	NZ

2D4A  00         	NOP

2D4B  20 00      	JR	NZ,2D4DH

2D4D  00         	NOP

2D4E  00         	NOP

2D4F  0A         	LD	A,(BC)

2D50  02         	LD	(BC),A

2D51  28 00      	JR	Z,2D53H

2D53  C0         	RET	NZ

2D54  00         	NOP

2D55  00         	NOP

2D56  00         	NOP

2D57  00         	NOP

2D58  00         	NOP

2D59  00         	NOP

2D5A  00         	NOP

2D5B  00         	NOP

2D5C  00         	NOP

2D5D  00         	NOP

2D5E  00         	NOP

2D5F  00         	NOP

2D60  01 03 05   	LD	BC,503H

2D63  07         	RLCA

2D64  09         	ADD	HL,BC

2D65  02         	LD	(BC),A

2D66  04         	INC	B

2D67  06 08      	LD	B,8H

2D69  0A         	LD	A,(BC)

2D6A  00         	NOP

2D6B  00         	NOP

2D6C  00         	NOP

2D6D  00         	NOP

2D6E  00         	NOP

2D6F  00         	NOP

2D70  00         	NOP

2D71  00         	NOP

2D72  00         	NOP

2D73  00         	NOP

2D74  00         	NOP

2D75  00         	NOP

2D76  00         	NOP

2D77  00         	NOP

2D78  00         	NOP

2D79  00         	NOP

2D7A  00         	NOP

2D7B  00         	NOP

2D7C  00         	NOP

2D7D  00         	NOP

2D7E  00         	NOP

2D7F  00         	NOP

2D80  4D         	LD	C,L

2D81  6F         	LD	L,A

2D82  6E         	LD	L,(HL)

2D83  74         	LD	(HL),H

2D84  65         	LD	H,L

2D85  7A         	LD	A,D

2D86  75         	LD	(HL),L

2D87  6D         	LD	L,L

2D88  61         	LD	H,C

2D89  20 4D      	JR	NZ,2DD8H

2D8B  69         	LD	L,C

2D8C  63         	LD	H,E

2D8D  72         	LD	(HL),D

2D8E  6F         	LD	L,A

2D8F  20 38      	JR	NZ,2DC9H

2D91  30 54      	JR	NC,2DE7H

2D93  20 53      	JR	NZ,2DE8H

2D95  59         	LD	E,C

2D96  53         	LD	D,E

2D97  54         	LD	D,H

2D98  45         	LD	B,L

2D99  4D         	LD	C,L

2D9A  20 28      	JR	NZ,2DC4H

2D9C  38 30      	JR	C,2DCEH

2D9E  54         	LD	D,H

2D9F  2C         	INC	L

2DA0  20 53      	JR	NZ,2DF5H

2DA2  53         	LD	D,E

2DA3  2C         	INC	L

2DA4  20 44      	JR	NZ,2DEAH

2DA6  44         	LD	B,H

2DA7  2C         	INC	L

2DA8  20 33      	JR	NZ,2DDDH

2DAA  35         	DEC	(HL)

2DAB  30 4B      	JR	NC,2DF8H

2DAD  29         	ADD	HL,HL

2DAE  20 20      	JR	NZ,2DD0H

2DB0  20 20      	JR	NZ,2DD2H

2DB2  20 20      	JR	NZ,2DD4H

2DB4  20 20      	JR	NZ,2DD6H

2DB6  20 20      	JR	NZ,2DD8H

2DB8  20 20      	JR	NZ,2DDAH

2DBA  20 20      	JR	NZ,2DDCH

2DBC  20 0D      	JR	NZ,2DCBH

2DBE  0A         	LD	A,(BC)

2DBF  00         	NOP

2DC0  24         	INC	H

2DC1  00         	NOP

2DC2  04         	INC	B

2DC3  0F         	RRCA

2DC4  01 AE 00   	LD	BC,0AEH

2DC7  7F         	LD	A,A

2DC8  00         	NOP

2DC9  C0         	RET	NZ

2DCA  00         	NOP

2DCB  20 00      	JR	NZ,2DCDH

2DCD  02         	LD	(BC),A

2DCE  00         	NOP

2DCF  12         	LD	(DE),A

2DD0  01 50 00   	LD	BC,50H

2DD3  80         	ADD	A,B

2DD4  00         	NOP

2DD5  00         	NOP

2DD6  00         	NOP

2DD7  00         	NOP

2DD8  00         	NOP

2DD9  00         	NOP

2DDA  00         	NOP

2DDB  00         	NOP

2DDC  00         	NOP

2DDD  00         	NOP

2DDE  00         	NOP

2DDF  00         	NOP

2DE0  01 03 05   	LD	BC,503H

2DE3  07         	RLCA

2DE4  09         	ADD	HL,BC

2DE5  0B         	DEC	BC

2DE6  0D         	DEC	C

2DE7  0F         	RRCA

2DE8  11 02 04   	LD	DE,402H

2DEB  06 08      	LD	B,8H

2DED  0A         	LD	A,(BC)

2DEE  0C         	INC	C

2DEF  0E 10      	LD	C,10H

2DF1  12         	LD	(DE),A

2DF2  00         	NOP

2DF3  00         	NOP

2DF4  00         	NOP

2DF5  00         	NOP

2DF6  00         	NOP

2DF7  00         	NOP

2DF8  00         	NOP

2DF9  00         	NOP

2DFA  00         	NOP

2DFB  00         	NOP

2DFC  00         	NOP

2DFD  00         	NOP

2DFE  00         	NOP

2DFF  00         	NOP

2E00  4D         	LD	C,L

2E01  6F         	LD	L,A

2E02  6E         	LD	L,(HL)

2E03  74         	LD	(HL),H

2E04  65         	LD	H,L

2E05  7A         	LD	A,D

2E06  75         	LD	(HL),L

2E07  6D         	LD	L,L

2E08  61         	LD	H,C

2E09  20 4D      	JR	NZ,2E58H

2E0B  69         	LD	L,C

2E0C  63         	LD	H,E

2E0D  72         	LD	(HL),D

2E0E  6F         	LD	L,A

2E0F  20 38      	JR	NZ,2E49H

2E11  30 54      	JR	NC,2E67H

2E13  20 44      	JR	NZ,2E59H

2E15  41         	LD	B,C

2E16  54         	LD	D,H

2E17  41         	LD	B,C

2E18  20 28      	JR	NZ,2E42H

2E1A  38 30      	JR	C,2E4CH

2E1C  54         	LD	D,H

2E1D  2C         	INC	L

2E1E  20 53      	JR	NZ,2E73H

2E20  53         	LD	D,E

2E21  2C         	INC	L

2E22  20 44      	JR	NZ,2E68H

2E24  44         	LD	B,H

2E25  2C         	INC	L

2E26  20 34      	JR	NZ,2E5CH

2E28  30 30      	JR	NC,2E5AH

2E2A  4B         	LD	C,E

2E2B  29         	ADD	HL,HL

2E2C  20 20      	JR	NZ,2E4EH

2E2E  20 20      	JR	NZ,2E50H

2E30  20 20      	JR	NZ,2E52H

2E32  20 20      	JR	NZ,2E54H

2E34  20 20      	JR	NZ,2E56H

2E36  20 20      	JR	NZ,2E58H

2E38  20 20      	JR	NZ,2E5AH

2E3A  20 20      	JR	NZ,2E5CH

2E3C  20 0D      	JR	NZ,2E4BH

2E3E  0A         	LD	A,(BC)

2E3F  00         	NOP

2E40  28 00      	JR	Z,2E42H

2E42  04         	INC	B

2E43  0F         	RRCA

2E44  01 C7 00   	LD	BC,0C7H

2E47  7F         	LD	A,A

2E48  00         	NOP

2E49  C0         	RET	NZ

2E4A  00         	NOP

2E4B  20 00      	JR	NZ,2E4DH

2E4D  00         	NOP

2E4E  00         	NOP

2E4F  0A         	LD	A,(BC)

2E50  02         	LD	(BC),A

2E51  50         	LD	D,B

2E52  00         	NOP

2E53  80         	ADD	A,B

2E54  00         	NOP

2E55  00         	NOP

2E56  00         	NOP

2E57  00         	NOP

2E58  00         	NOP

2E59  00         	NOP

2E5A  00         	NOP

2E5B  00         	NOP

2E5C  00         	NOP

2E5D  00         	NOP

2E5E  00         	NOP

2E5F  00         	NOP

2E60  01 03 05   	LD	BC,503H

2E63  07         	RLCA

2E64  09         	ADD	HL,BC

2E65  02         	LD	(BC),A

2E66  04         	INC	B

2E67  06 08      	LD	B,8H

2E69  0A         	LD	A,(BC)

2E6A  00         	NOP

2E6B  00         	NOP

2E6C  00         	NOP

2E6D  00         	NOP

2E6E  00         	NOP

2E6F  00         	NOP

2E70  00         	NOP

2E71  00         	NOP

2E72  00         	NOP

2E73  00         	NOP

2E74  00         	NOP

2E75  00         	NOP

2E76  00         	NOP

2E77  00         	NOP

2E78  00         	NOP

2E79  00         	NOP

2E7A  00         	NOP

2E7B  00         	NOP

2E7C  00         	NOP

2E7D  00         	NOP

2E7E  00         	NOP

2E7F  00         	NOP

2E80  4D         	LD	C,L

2E81  6F         	LD	L,A

2E82  6E         	LD	L,(HL)

2E83  74         	LD	(HL),H

2E84  65         	LD	H,L

2E85  7A         	LD	A,D

2E86  75         	LD	(HL),L

2E87  6D         	LD	L,L

2E88  61         	LD	H,C

2E89  20 4D      	JR	NZ,2ED8H

2E8B  69         	LD	L,C

2E8C  63         	LD	H,E

2E8D  72         	LD	(HL),D

2E8E  6F         	LD	L,A

2E8F  20 38      	JR	NZ,2EC9H

2E91  30 54      	JR	NC,2EE7H

2E93  20 44      	JR	NZ,2ED9H

2E95  53         	LD	D,E

2E96  20 53      	JR	NZ,2EEBH

2E98  59         	LD	E,C

2E99  53         	LD	D,E

2E9A  54         	LD	D,H

2E9B  45         	LD	B,L

2E9C  4D         	LD	C,L

2E9D  20 28      	JR	NZ,2EC7H

2E9F  38 30      	JR	C,2ED1H

2EA1  54         	LD	D,H

2EA2  2C         	INC	L

2EA3  20 44      	JR	NZ,2EE9H

2EA5  53         	LD	D,E

2EA6  2C         	INC	L

2EA7  20 44      	JR	NZ,2EEDH

2EA9  44         	LD	B,H

2EAA  2C         	INC	L

2EAB  20 37      	JR	NZ,2EE4H

2EAD  31 30 4B   	LD	SP,4B30H

2EB0  29         	ADD	HL,HL

2EB1  20 20      	JR	NZ,2ED3H

2EB3  20 20      	JR	NZ,2ED5H

2EB5  20 20      	JR	NZ,2ED7H

2EB7  20 20      	JR	NZ,2ED9H

2EB9  20 20      	JR	NZ,2EDBH

2EBB  20 20      	JR	NZ,2EDDH

2EBD  0D         	DEC	C

2EBE  0A         	LD	A,(BC)

2EBF  00         	NOP

2EC0  24         	INC	H

2EC1  00         	NOP

2EC2  04         	INC	B

2EC3  0F         	RRCA

2EC4  00         	NOP

2EC5  62         	LD	H,D

2EC6  01 7F 00   	LD	BC,7FH

2EC9  C0         	RET	NZ

2ECA  00         	NOP

2ECB  20 00      	JR	NZ,2ECDH

2ECD  02         	LD	(BC),A

2ECE  00         	NOP

2ECF  12         	LD	(DE),A

2ED0  01 50 00   	LD	BC,50H

2ED3  C0         	RET	NZ

2ED4  00         	NOP

2ED5  00         	NOP

2ED6  00         	NOP

2ED7  00         	NOP

2ED8  00         	NOP

2ED9  00         	NOP

2EDA  00         	NOP

2EDB  00         	NOP

2EDC  00         	NOP

2EDD  00         	NOP

2EDE  00         	NOP

2EDF  00         	NOP

2EE0  01 03 05   	LD	BC,503H

2EE3  07         	RLCA

2EE4  09         	ADD	HL,BC

2EE5  0B         	DEC	BC

2EE6  0D         	DEC	C

2EE7  0F         	RRCA

2EE8  11 02 04   	LD	DE,402H

2EEB  06 08      	LD	B,8H

2EED  0A         	LD	A,(BC)

2EEE  0C         	INC	C

2EEF  0E 10      	LD	C,10H

2EF1  12         	LD	(DE),A

2EF2  00         	NOP

2EF3  00         	NOP

2EF4  00         	NOP

2EF5  00         	NOP

2EF6  00         	NOP

2EF7  00         	NOP

2EF8  00         	NOP

2EF9  00         	NOP

2EFA  00         	NOP

2EFB  00         	NOP

2EFC  00         	NOP

2EFD  00         	NOP

2EFE  00         	NOP

2EFF  00         	NOP

2F00  4D         	LD	C,L

2F01  6F         	LD	L,A

2F02  6E         	LD	L,(HL)

2F03  74         	LD	(HL),H

2F04  65         	LD	H,L

2F05  7A         	LD	A,D

2F06  75         	LD	(HL),L

2F07  6D         	LD	L,L

2F08  61         	LD	H,C

2F09  20 4D      	JR	NZ,2F58H

2F0B  69         	LD	L,C

2F0C  63         	LD	H,E

2F0D  72         	LD	(HL),D

2F0E  6F         	LD	L,A

2F0F  20 38      	JR	NZ,2F49H

2F11  30 54      	JR	NC,2F67H

2F13  20 44      	JR	NZ,2F59H

2F15  53         	LD	D,E

2F16  20 44      	JR	NZ,2F5CH

2F18  41         	LD	B,C

2F19  54         	LD	D,H

2F1A  41         	LD	B,C

2F1B  20 28      	JR	NZ,2F45H

2F1D  38 30      	JR	C,2F4FH

2F1F  54         	LD	D,H

2F20  2C         	INC	L

2F21  20 44      	JR	NZ,2F67H

2F23  53         	LD	D,E

2F24  2C         	INC	L

2F25  20 44      	JR	NZ,2F6BH

2F27  44         	LD	B,H

2F28  2C         	INC	L

2F29  20 38      	JR	NZ,2F63H

2F2B  30 30      	JR	NC,2F5DH

2F2D  4B         	LD	C,E

2F2E  29         	ADD	HL,HL

2F2F  20 20      	JR	NZ,2F51H

2F31  20 20      	JR	NZ,2F53H

2F33  20 20      	JR	NZ,2F55H

2F35  20 20      	JR	NZ,2F57H

2F37  20 20      	JR	NZ,2F59H

2F39  20 20      	JR	NZ,2F5BH

2F3B  20 20      	JR	NZ,2F5DH

2F3D  0D         	DEC	C

2F3E  0A         	LD	A,(BC)

2F3F  00         	NOP

2F40  28 00      	JR	Z,2F42H

2F42  04         	INC	B

2F43  0F         	RRCA

2F44  00         	NOP

2F45  8F         	ADC	A,A

2F46  01 7F 00   	LD	BC,7FH

2F49  C0         	RET	NZ

2F4A  00         	NOP

2F4B  20 00      	JR	NZ,2F4DH

2F4D  00         	NOP

2F4E  00         	NOP

2F4F  0A         	LD	A,(BC)

2F50  02         	LD	(BC),A

2F51  50         	LD	D,B

2F52  00         	NOP

2F53  C0         	RET	NZ

2F54  00         	NOP

2F55  00         	NOP

2F56  00         	NOP

2F57  00         	NOP

2F58  00         	NOP

2F59  00         	NOP

2F5A  00         	NOP

2F5B  00         	NOP

2F5C  00         	NOP

2F5D  00         	NOP

2F5E  00         	NOP

2F5F  00         	NOP

2F60  01 03 05   	LD	BC,503H

2F63  07         	RLCA

2F64  09         	ADD	HL,BC

2F65  02         	LD	(BC),A

2F66  04         	INC	B

2F67  06 08      	LD	B,8H

2F69  0A         	LD	A,(BC)

2F6A  00         	NOP

2F6B  00         	NOP

2F6C  00         	NOP

2F6D  00         	NOP

2F6E  00         	NOP

2F6F  00         	NOP

2F70  00         	NOP

2F71  00         	NOP

2F72  00         	NOP

2F73  00         	NOP

2F74  00         	NOP

2F75  00         	NOP

2F76  00         	NOP

2F77  00         	NOP

2F78  00         	NOP

2F79  00         	NOP

2F7A  00         	NOP

2F7B  00         	NOP

2F7C  00         	NOP

2F7D  00         	NOP

2F7E  00         	NOP

2F7F  00         	NOP

2F80  4D         	LD	C,L

2F81  6F         	LD	L,A

2F82  6E         	LD	L,(HL)

2F83  74         	LD	(HL),H

2F84  65         	LD	H,L

2F85  7A         	LD	A,D

2F86  75         	LD	(HL),L

2F87  6D         	LD	L,L

2F88  61         	LD	H,C

2F89  20 4D      	JR	NZ,2FD8H

2F8B  69         	LD	L,C

2F8C  63         	LD	H,E

2F8D  72         	LD	(HL),D

2F8E  6F         	LD	L,A

2F8F  20 45      	JR	NZ,2FD6H

2F91  78         	LD	A,B

2F92  74         	LD	(HL),H

2F93  65         	LD	H,L

2F94  6E         	LD	L,(HL)

2F95  64         	LD	H,H

2F96  65         	LD	H,L

2F97  64         	LD	H,H

2F98  20 53      	JR	NZ,2FEDH

2F9A  59         	LD	E,C

2F9B  53         	LD	D,E

2F9C  54         	LD	D,H

2F9D  45         	LD	B,L

2F9E  4D         	LD	C,L

2F9F  20 28      	JR	NZ,2FC9H

2FA1  34         	INC	(HL)

2FA2  30 54      	JR	NC,2FF8H

2FA4  2C         	INC	L

2FA5  20 53      	JR	NZ,2FFAH

2FA7  53         	LD	D,E

2FA8  2C         	INC	L

2FA9  20 44      	JR	NZ,2FEFH

2FAB  44         	LD	B,H

2FAC  2C         	INC	L

2FAD  20 31      	JR	NZ,2FE0H

2FAF  39         	ADD	HL,SP

2FB0  30 4B      	JR	NC,2FFDH

2FB2  29         	ADD	HL,HL

2FB3  20 20      	JR	NZ,2FD5H

2FB5  20 20      	JR	NZ,2FD7H

2FB7  20 20      	JR	NZ,2FD9H

2FB9  20 20      	JR	NZ,2FDBH

2FBB  20 20      	JR	NZ,2FDDH

2FBD  0D         	DEC	C

2FBE  0A         	LD	A,(BC)

2FBF  00         	NOP

2FC0  28 00      	JR	Z,2FC2H

2FC2  04         	INC	B

2FC3  0F         	RRCA

2FC4  01 5E 00   	LD	BC,5EH

2FC7  7F         	LD	A,A

2FC8  00         	NOP

2FC9  C0         	RET	NZ

2FCA  00         	NOP

2FCB  20 00      	JR	NZ,2FCDH

2FCD  02         	LD	(BC),A

2FCE  00         	NOP

2FCF  0A         	LD	A,(BC)

2FD0  02         	LD	(BC),A

2FD1  28 00      	JR	Z,2FD3H

2FD3  80         	ADD	A,B

2FD4  00         	NOP

2FD5  00         	NOP

2FD6  00         	NOP

2FD7  00         	NOP

2FD8  00         	NOP

2FD9  00         	NOP

2FDA  00         	NOP

2FDB  00         	NOP

2FDC  00         	NOP

2FDD  00         	NOP

2FDE  00         	NOP

2FDF  00         	NOP

2FE0  01 03 05   	LD	BC,503H

2FE3  07         	RLCA

2FE4  09         	ADD	HL,BC

2FE5  02         	LD	(BC),A

2FE6  04         	INC	B

2FE7  06 08      	LD	B,8H

2FE9  0A         	LD	A,(BC)

2FEA  00         	NOP

2FEB  00         	NOP

2FEC  00         	NOP

2FED  00         	NOP

2FEE  00         	NOP

2FEF  00         	NOP

2FF0  00         	NOP

2FF1  00         	NOP

2FF2  00         	NOP

2FF3  00         	NOP

2FF4  00         	NOP

2FF5  00         	NOP

2FF6  00         	NOP

2FF7  00         	NOP

2FF8  00         	NOP

2FF9  00         	NOP

2FFA  00         	NOP

2FFB  00         	NOP

2FFC  00         	NOP

2FFD  00         	NOP

2FFE  00         	NOP

2FFF  00         	NOP

3000  4D         	LD	C,L

3001  6F         	LD	L,A

3002  6E         	LD	L,(HL)

3003  74         	LD	(HL),H

3004  65         	LD	H,L

3005  7A         	LD	A,D

3006  75         	LD	(HL),L

3007  6D         	LD	L,L

3008  61         	LD	H,C

3009  20 4D      	JR	NZ,3058H

300B  69         	LD	L,C

300C  63         	LD	H,E

300D  72         	LD	(HL),D

300E  6F         	LD	L,A

300F  20 45      	JR	NZ,3056H

3011  78         	LD	A,B

3012  74         	LD	(HL),H

3013  65         	LD	H,L

3014  6E         	LD	L,(HL)

3015  64         	LD	H,H

3016  65         	LD	H,L

3017  64         	LD	H,H

3018  20 44      	JR	NZ,305EH

301A  53         	LD	D,E

301B  20 53      	JR	NZ,3070H

301D  59         	LD	E,C

301E  53         	LD	D,E

301F  54         	LD	D,H

3020  45         	LD	B,L

3021  4D         	LD	C,L

3022  20 28      	JR	NZ,304CH

3024  34         	INC	(HL)

3025  30 54      	JR	NC,307BH

3027  2C         	INC	L

3028  20 44      	JR	NZ,306EH

302A  53         	LD	D,E

302B  2C         	INC	L

302C  20 44      	JR	NZ,3072H

302E  44         	LD	B,H

302F  2C         	INC	L

3030  20 33      	JR	NZ,3065H

3032  39         	ADD	HL,SP

3033  30 4B      	JR	NC,3080H

3035  29         	ADD	HL,HL

3036  20 20      	JR	NZ,3058H

3038  20 20      	JR	NZ,305AH

303A  20 20      	JR	NZ,305CH

303C  20 0D      	JR	NZ,304BH

303E  0A         	LD	A,(BC)

303F  00         	NOP

3040  28 00      	JR	Z,3042H

3042  04         	INC	B

3043  0F         	RRCA

3044  01 C2 00   	LD	BC,0C2H

3047  7F         	LD	A,A

3048  00         	NOP

3049  C0         	RET	NZ

304A  00         	NOP

304B  20 00      	JR	NZ,304DH

304D  02         	LD	(BC),A

304E  00         	NOP

304F  0A         	LD	A,(BC)

3050  02         	LD	(BC),A

3051  28 00      	JR	Z,3053H

3053  C0         	RET	NZ

3054  00         	NOP

3055  00         	NOP

3056  00         	NOP

3057  00         	NOP

3058  00         	NOP

3059  00         	NOP

305A  00         	NOP

305B  00         	NOP

305C  00         	NOP

305D  00         	NOP

305E  00         	NOP

305F  00         	NOP

3060  01 03 05   	LD	BC,503H

3063  07         	RLCA

3064  09         	ADD	HL,BC

3065  02         	LD	(BC),A

3066  04         	INC	B

3067  06 08      	LD	B,8H

3069  0A         	LD	A,(BC)

306A  00         	NOP

306B  00         	NOP

306C  00         	NOP

306D  00         	NOP

306E  00         	NOP

306F  00         	NOP

3070  00         	NOP

3071  00         	NOP

3072  00         	NOP

3073  00         	NOP

3074  00         	NOP

3075  00         	NOP

3076  00         	NOP

3077  00         	NOP

3078  00         	NOP

3079  00         	NOP

307A  00         	NOP

307B  00         	NOP

307C  00         	NOP

307D  00         	NOP

307E  00         	NOP

307F  00         	NOP

3080  4D         	LD	C,L

3081  6F         	LD	L,A

3082  6E         	LD	L,(HL)

3083  74         	LD	(HL),H

3084  65         	LD	H,L

3085  7A         	LD	A,D

3086  75         	LD	(HL),L

3087  6D         	LD	L,L

3088  61         	LD	H,C

3089  20 4D      	JR	NZ,30D8H

308B  69         	LD	L,C

308C  63         	LD	H,E

308D  72         	LD	(HL),D

308E  6F         	LD	L,A

308F  20 45      	JR	NZ,30D6H

3091  78         	LD	A,B

3092  74         	LD	(HL),H

3093  65         	LD	H,L

3094  6E         	LD	L,(HL)

3095  64         	LD	H,H

3096  65         	LD	H,L

3097  64         	LD	H,H

3098  20 38      	JR	NZ,30D2H

309A  30 54      	JR	NC,30F0H

309C  20 53      	JR	NZ,30F1H

309E  59         	LD	E,C

309F  53         	LD	D,E

30A0  54         	LD	D,H

30A1  45         	LD	B,L

30A2  4D         	LD	C,L

30A3  20 28      	JR	NZ,30CDH

30A5  38 30      	JR	C,30D7H

30A7  54         	LD	D,H

30A8  2C         	INC	L

30A9  20 53      	JR	NZ,30FEH

30AB  53         	LD	D,E

30AC  2C         	INC	L

30AD  20 44      	JR	NZ,30F3H

30AF  44         	LD	B,H

30B0  2C         	INC	L

30B1  20 33      	JR	NZ,30E6H

30B3  39         	ADD	HL,SP

30B4  30 4B      	JR	NC,3101H

30B6  29         	ADD	HL,HL

30B7  20 20      	JR	NZ,30D9H

30B9  20 20      	JR	NZ,30DBH

30BB  20 20      	JR	NZ,30DDH

30BD  0D         	DEC	C

30BE  0A         	LD	A,(BC)

30BF  00         	NOP

30C0  28 00      	JR	Z,30C2H

30C2  04         	INC	B

30C3  0F         	RRCA

30C4  01 C2 00   	LD	BC,0C2H

30C7  7F         	LD	A,A

30C8  00         	NOP

30C9  C0         	RET	NZ

30CA  00         	NOP

30CB  20 00      	JR	NZ,30CDH

30CD  02         	LD	(BC),A

30CE  00         	NOP

30CF  0A         	LD	A,(BC)

30D0  02         	LD	(BC),A

30D1  50         	LD	D,B

30D2  00         	NOP

30D3  80         	ADD	A,B

30D4  00         	NOP

30D5  00         	NOP

30D6  00         	NOP

30D7  00         	NOP

30D8  00         	NOP

30D9  00         	NOP

30DA  00         	NOP

30DB  00         	NOP

30DC  00         	NOP

30DD  00         	NOP

30DE  00         	NOP

30DF  00         	NOP

30E0  01 03 05   	LD	BC,503H

30E3  07         	RLCA

30E4  09         	ADD	HL,BC

30E5  02         	LD	(BC),A

30E6  04         	INC	B

30E7  06 08      	LD	B,8H

30E9  0A         	LD	A,(BC)

30EA  00         	NOP

30EB  00         	NOP

30EC  00         	NOP

30ED  00         	NOP

30EE  00         	NOP

30EF  00         	NOP

30F0  00         	NOP

30F1  00         	NOP

30F2  00         	NOP

30F3  00         	NOP

30F4  00         	NOP

30F5  00         	NOP

30F6  00         	NOP

30F7  00         	NOP

30F8  00         	NOP

30F9  00         	NOP

30FA  00         	NOP

30FB  00         	NOP

30FC  00         	NOP

30FD  00         	NOP

30FE  00         	NOP

30FF  00         	NOP

3100  4D         	LD	C,L

3101  6F         	LD	L,A

3102  6E         	LD	L,(HL)

3103  74         	LD	(HL),H

3104  65         	LD	H,L

3105  7A         	LD	A,D

3106  75         	LD	(HL),L

3107  6D         	LD	L,L

3108  61         	LD	H,C

3109  20 4D      	JR	NZ,3158H

310B  69         	LD	L,C

310C  63         	LD	H,E

310D  72         	LD	(HL),D

310E  6F         	LD	L,A

310F  20 45      	JR	NZ,3156H

3111  78         	LD	A,B

3112  74         	LD	(HL),H

3113  65         	LD	H,L

3114  6E         	LD	L,(HL)

3115  64         	LD	H,H

3116  65         	LD	H,L

3117  64         	LD	H,H

3118  20 38      	JR	NZ,3152H

311A  30 54      	JR	NC,3170H

311C  20 44      	JR	NZ,3162H

311E  53         	LD	D,E

311F  20 53      	JR	NZ,3174H

3121  59         	LD	E,C

3122  53         	LD	D,E

3123  54         	LD	D,H

3124  45         	LD	B,L

3125  4D         	LD	C,L

3126  20 28      	JR	NZ,3150H

3128  38 30      	JR	C,315AH

312A  54         	LD	D,H

312B  2C         	INC	L

312C  20 44      	JR	NZ,3172H

312E  53         	LD	D,E

312F  2C         	INC	L

3130  20 44      	JR	NZ,3176H

3132  44         	LD	B,H

3133  2C         	INC	L

3134  20 37      	JR	NZ,316DH

3136  39         	ADD	HL,SP

3137  30 4B      	JR	NC,3184H

3139  29         	ADD	HL,HL

313A  20 20      	JR	NZ,315CH

313C  20 0D      	JR	NZ,314BH

313E  0A         	LD	A,(BC)

313F  00         	NOP

3140  28 00      	JR	Z,3142H

3142  04         	INC	B

3143  0F         	RRCA

3144  00         	NOP

3145  8A         	ADC	A,D

3146  01 7F 00   	LD	BC,7FH

3149  C0         	RET	NZ

314A  00         	NOP

314B  20 00      	JR	NZ,314DH

314D  02         	LD	(BC),A

314E  00         	NOP

314F  0A         	LD	A,(BC)

3150  02         	LD	(BC),A

3151  50         	LD	D,B

3152  00         	NOP

3153  C0         	RET	NZ

3154  00         	NOP

3155  00         	NOP

3156  00         	NOP

3157  00         	NOP

3158  00         	NOP

3159  00         	NOP

315A  00         	NOP

315B  00         	NOP

315C  00         	NOP

315D  00         	NOP

315E  00         	NOP

315F  00         	NOP

3160  01 03 05   	LD	BC,503H

3163  07         	RLCA

3164  09         	ADD	HL,BC

3165  02         	LD	(BC),A

3166  04         	INC	B

3167  06 08      	LD	B,8H

3169  0A         	LD	A,(BC)

316A  00         	NOP

316B  00         	NOP

316C  00         	NOP

316D  00         	NOP

316E  00         	NOP

316F  00         	NOP

3170  00         	NOP

3171  00         	NOP

3172  00         	NOP

3173  00         	NOP

3174  00         	NOP

3175  00         	NOP

3176  00         	NOP

3177  00         	NOP

3178  00         	NOP

3179  00         	NOP

317A  00         	NOP

317B  00         	NOP

317C  00         	NOP

317D  00         	NOP

317E  00         	NOP

317F  00         	NOP

3180  4D         	LD	C,L

3181  6F         	LD	L,A

3182  6E         	LD	L,(HL)

3183  74         	LD	(HL),H

3184  65         	LD	H,L

3185  7A         	LD	A,D

3186  75         	LD	(HL),L

3187  6D         	LD	L,L

3188  61         	LD	H,C

3189  20 4D      	JR	NZ,31D8H

318B  69         	LD	L,C

318C  63         	LD	H,E

318D  72         	LD	(HL),D

318E  6F         	LD	L,A

318F  20 53      	JR	NZ,31E4H

3191  55         	LD	D,L

3192  50         	LD	D,B

3193  45         	LD	B,L

3194  52         	LD	D,D

3195  20 44      	JR	NZ,31DBH

3197  41         	LD	B,C

3198  54         	LD	D,H

3199  41         	LD	B,C

319A  20 28      	JR	NZ,31C4H

319C  34         	INC	(HL)

319D  30 54      	JR	NC,31F3H

319F  2C         	INC	L

31A0  20 53      	JR	NZ,31F5H

31A2  53         	LD	D,E

31A3  2C         	INC	L

31A4  20 44      	JR	NZ,31EAH

31A6  44         	LD	B,H

31A7  2C         	INC	L

31A8  20 32      	JR	NZ,31DCH

31AA  32 30 4B   	LD	(4B30H),A

31AD  29         	ADD	HL,HL

31AE  20 20      	JR	NZ,31D0H

31B0  20 20      	JR	NZ,31D2H

31B2  20 20      	JR	NZ,31D4H

31B4  20 20      	JR	NZ,31D6H

31B6  20 20      	JR	NZ,31D8H

31B8  20 20      	JR	NZ,31DAH

31BA  20 20      	JR	NZ,31DCH

31BC  20 0D      	JR	NZ,31CBH

31BE  0A         	LD	A,(BC)

31BF  00         	NOP

31C0  2C         	INC	L

31C1  00         	NOP

31C2  04         	INC	B

31C3  0F         	RRCA

31C4  01 6D 00   	LD	BC,6DH

31C7  7F         	LD	A,A

31C8  00         	NOP

31C9  C0         	RET	NZ

31CA  00         	NOP

31CB  20 00      	JR	NZ,31CDH

31CD  00         	NOP

31CE  00         	NOP

31CF  06 03      	LD	B,3H

31D1  28 00      	JR	Z,31D3H

31D3  80         	ADD	A,B

31D4  00         	NOP

31D5  00         	NOP

31D6  00         	NOP

31D7  00         	NOP

31D8  00         	NOP

31D9  00         	NOP

31DA  00         	NOP

31DB  00         	NOP

31DC  00         	NOP

31DD  00         	NOP

31DE  00         	NOP

31DF  00         	NOP

31E0  01 03 05   	LD	BC,503H

31E3  02         	LD	(BC),A

31E4  04         	INC	B

31E5  06 00      	LD	B,0H

31E7  00         	NOP

31E8  00         	NOP

31E9  00         	NOP

31EA  00         	NOP

31EB  00         	NOP

31EC  00         	NOP

31ED  00         	NOP

31EE  00         	NOP

31EF  00         	NOP

31F0  00         	NOP

31F1  00         	NOP

31F2  00         	NOP

31F3  00         	NOP

31F4  00         	NOP

31F5  00         	NOP

31F6  00         	NOP

31F7  00         	NOP

31F8  00         	NOP

31F9  00         	NOP

31FA  00         	NOP

31FB  00         	NOP

31FC  00         	NOP

31FD  00         	NOP

31FE  00         	NOP

31FF  00         	NOP

3200  4D         	LD	C,L

3201  6F         	LD	L,A

3202  6E         	LD	L,(HL)

3203  74         	LD	(HL),H

3204  65         	LD	H,L

3205  7A         	LD	A,D

3206  75         	LD	(HL),L

3207  6D         	LD	L,L

3208  61         	LD	H,C

3209  20 4D      	JR	NZ,3258H

320B  69         	LD	L,C

320C  63         	LD	H,E

320D  72         	LD	(HL),D

320E  6F         	LD	L,A

320F  20 53      	JR	NZ,3264H

3211  55         	LD	D,L

3212  50         	LD	D,B

3213  45         	LD	B,L

3214  52         	LD	D,D

3215  20 44      	JR	NZ,325BH

3217  53         	LD	D,E

3218  20 44      	JR	NZ,325EH

321A  41         	LD	B,C

321B  54         	LD	D,H

321C  41         	LD	B,C

321D  20 28      	JR	NZ,3247H

321F  34         	INC	(HL)

3220  30 54      	JR	NC,3276H

3222  2C         	INC	L

3223  20 44      	JR	NZ,3269H

3225  53         	LD	D,E

3226  2C         	INC	L

3227  20 44      	JR	NZ,326DH

3229  44         	LD	B,H

322A  2C         	INC	L

322B  20 34      	JR	NZ,3261H

322D  34         	INC	(HL)

322E  30 4B      	JR	NC,327BH

3230  29         	ADD	HL,HL

3231  20 20      	JR	NZ,3253H

3233  20 20      	JR	NZ,3255H

3235  20 20      	JR	NZ,3257H

3237  20 20      	JR	NZ,3259H

3239  20 20      	JR	NZ,325BH

323B  20 20      	JR	NZ,325DH

323D  0D         	DEC	C

323E  0A         	LD	A,(BC)

323F  00         	NOP

3240  2C         	INC	L

3241  00         	NOP

3242  04         	INC	B

3243  0F         	RRCA

3244  01 DB 00   	LD	BC,0DBH

3247  7F         	LD	A,A

3248  00         	NOP

3249  C0         	RET	NZ

324A  00         	NOP

324B  20 00      	JR	NZ,324DH

324D  00         	NOP

324E  00         	NOP

324F  06 03      	LD	B,3H

3251  28 00      	JR	Z,3253H

3253  C0         	RET	NZ

3254  00         	NOP

3255  00         	NOP

3256  00         	NOP

3257  00         	NOP

3258  00         	NOP

3259  00         	NOP

325A  00         	NOP

325B  00         	NOP

325C  00         	NOP

325D  00         	NOP

325E  00         	NOP

325F  00         	NOP

3260  01 03 05   	LD	BC,503H

3263  02         	LD	(BC),A

3264  04         	INC	B

3265  06 00      	LD	B,0H

3267  00         	NOP

3268  00         	NOP

3269  00         	NOP

326A  00         	NOP

326B  00         	NOP

326C  00         	NOP

326D  00         	NOP

326E  00         	NOP

326F  00         	NOP

3270  00         	NOP

3271  00         	NOP

3272  00         	NOP

3273  00         	NOP

3274  00         	NOP

3275  00         	NOP

3276  00         	NOP

3277  00         	NOP

3278  00         	NOP

3279  00         	NOP

327A  00         	NOP

327B  00         	NOP

327C  00         	NOP

327D  00         	NOP

327E  00         	NOP

327F  00         	NOP

3280  4D         	LD	C,L

3281  6F         	LD	L,A

3282  6E         	LD	L,(HL)

3283  74         	LD	(HL),H

3284  65         	LD	H,L

3285  7A         	LD	A,D

3286  75         	LD	(HL),L

3287  6D         	LD	L,L

3288  61         	LD	H,C

3289  20 4D      	JR	NZ,32D8H

328B  69         	LD	L,C

328C  63         	LD	H,E

328D  72         	LD	(HL),D

328E  6F         	LD	L,A

328F  20 38      	JR	NZ,32C9H

3291  30 54      	JR	NC,32E7H

3293  20 53      	JR	NZ,32E8H

3295  55         	LD	D,L

3296  50         	LD	D,B

3297  45         	LD	B,L

3298  52         	LD	D,D

3299  20 44      	JR	NZ,32DFH

329B  41         	LD	B,C

329C  54         	LD	D,H

329D  41         	LD	B,C

329E  20 28      	JR	NZ,32C8H

32A0  38 30      	JR	C,32D2H

32A2  54         	LD	D,H

32A3  2C         	INC	L

32A4  20 53      	JR	NZ,32F9H

32A6  53         	LD	D,E

32A7  2C         	INC	L

32A8  20 44      	JR	NZ,32EEH

32AA  44         	LD	B,H

32AB  2C         	INC	L

32AC  20 34      	JR	NZ,32E2H

32AE  34         	INC	(HL)

32AF  30 4B      	JR	NC,32FCH

32B1  29         	ADD	HL,HL

32B2  20 20      	JR	NZ,32D4H

32B4  20 20      	JR	NZ,32D6H

32B6  20 20      	JR	NZ,32D8H

32B8  20 20      	JR	NZ,32DAH

32BA  20 20      	JR	NZ,32DCH

32BC  20 0D      	JR	NZ,32CBH

32BE  0A         	LD	A,(BC)

32BF  00         	NOP

32C0  2C         	INC	L

32C1  00         	NOP

32C2  04         	INC	B

32C3  0F         	RRCA

32C4  01 DB 00   	LD	BC,0DBH

32C7  7F         	LD	A,A

32C8  00         	NOP

32C9  C0         	RET	NZ

32CA  00         	NOP

32CB  20 00      	JR	NZ,32CDH

32CD  00         	NOP

32CE  00         	NOP

32CF  06 03      	LD	B,3H

32D1  50         	LD	D,B

32D2  00         	NOP

32D3  80         	ADD	A,B

32D4  00         	NOP

32D5  00         	NOP

32D6  00         	NOP

32D7  00         	NOP

32D8  00         	NOP

32D9  00         	NOP

32DA  00         	NOP

32DB  00         	NOP

32DC  00         	NOP

32DD  00         	NOP

32DE  00         	NOP

32DF  00         	NOP

32E0  01 03 05   	LD	BC,503H

32E3  02         	LD	(BC),A

32E4  04         	INC	B

32E5  06 00      	LD	B,0H

32E7  00         	NOP

32E8  00         	NOP

32E9  00         	NOP

32EA  00         	NOP

32EB  00         	NOP

32EC  00         	NOP

32ED  00         	NOP

32EE  00         	NOP

32EF  00         	NOP

32F0  00         	NOP

32F1  00         	NOP

32F2  00         	NOP

32F3  00         	NOP

32F4  00         	NOP

32F5  00         	NOP

32F6  00         	NOP

32F7  00         	NOP

32F8  00         	NOP

32F9  00         	NOP

32FA  00         	NOP

32FB  00         	NOP

32FC  00         	NOP

32FD  00         	NOP

32FE  00         	NOP

32FF  00         	NOP

3300  4D         	LD	C,L

3301  6F         	LD	L,A

3302  6E         	LD	L,(HL)

3303  74         	LD	(HL),H

3304  65         	LD	H,L

3305  7A         	LD	A,D

3306  75         	LD	(HL),L

3307  6D         	LD	L,L

3308  61         	LD	H,C

3309  20 4D      	JR	NZ,3358H

330B  69         	LD	L,C

330C  63         	LD	H,E

330D  72         	LD	(HL),D

330E  6F         	LD	L,A

330F  20 38      	JR	NZ,3349H

3311  30 54      	JR	NC,3367H

3313  20 53      	JR	NZ,3368H

3315  55         	LD	D,L

3316  50         	LD	D,B

3317  45         	LD	B,L

3318  52         	LD	D,D

3319  20 44      	JR	NZ,335FH

331B  53         	LD	D,E

331C  20 44      	JR	NZ,3362H

331E  41         	LD	B,C

331F  54         	LD	D,H

3320  41         	LD	B,C

3321  20 28      	JR	NZ,334BH

3323  38 30      	JR	C,3355H

3325  54         	LD	D,H

3326  2C         	INC	L

3327  20 44      	JR	NZ,336DH

3329  53         	LD	D,E

332A  2C         	INC	L

332B  20 44      	JR	NZ,3371H

332D  44         	LD	B,H

332E  2C         	INC	L

332F  20 38      	JR	NZ,3369H

3331  38 30      	JR	C,3363H

3333  4B         	LD	C,E

3334  29         	ADD	HL,HL

3335  20 20      	JR	NZ,3357H

3337  20 20      	JR	NZ,3359H

3339  20 20      	JR	NZ,335BH

333B  20 20      	JR	NZ,335DH

333D  0D         	DEC	C

333E  0A         	LD	A,(BC)

333F  00         	NOP

3340  2C         	INC	L

3341  00         	NOP

3342  04         	INC	B

3343  0F         	RRCA

3344  00         	NOP

3345  B7         	OR	A

3346  01 7F 00   	LD	BC,7FH

3349  C0         	RET	NZ

334A  00         	NOP

334B  20 00      	JR	NZ,334DH

334D  00         	NOP

334E  00         	NOP

334F  06 03      	LD	B,3H

3351  50         	LD	D,B

3352  00         	NOP

3353  C0         	RET	NZ

3354  00         	NOP

3355  00         	NOP

3356  00         	NOP

3357  00         	NOP

3358  00         	NOP

3359  00         	NOP

335A  00         	NOP

335B  00         	NOP

335C  00         	NOP

335D  00         	NOP

335E  00         	NOP

335F  00         	NOP

3360  01 03 05   	LD	BC,503H

3363  02         	LD	(BC),A

3364  04         	INC	B

3365  06 00      	LD	B,0H

3367  00         	NOP

3368  00         	NOP

3369  00         	NOP

336A  00         	NOP

336B  00         	NOP

336C  00         	NOP

336D  00         	NOP

336E  00         	NOP

336F  00         	NOP

3370  00         	NOP

3371  00         	NOP

3372  00         	NOP

3373  00         	NOP

3374  00         	NOP

3375  00         	NOP

3376  00         	NOP

3377  00         	NOP

3378  00         	NOP

3379  00         	NOP

337A  00         	NOP

337B  00         	NOP

337C  00         	NOP

337D  00         	NOP

337E  00         	NOP

337F  00         	NOP
